﻿"ApplicationKey","ApplicationName","ApplicationPublisher","ApplicationShortVersion","ApplicationVersion","DeviceCount","Platform"
"2c5c60b56c745bb73f8df5749c385a075c937fe3bf2060df559167674d3c2938","Zwischenablage","","","5.0.06","1","AndroidWorkProfile"
"010781f49f4a1f6d75a16dcc6d46a088a037af232d73097e526f9c493231d2ed","Microsoft.WindowsStore","CN=Microsoft Corporation, O=Microsoft Corporation, L=Redmond, S=Washington, C=US","","22112.1401.2.0","6","Windows"
"6d8ce8219de5fba82707f0c4ee0af58fe12fef1685afda7609c7719692179f97","Sicherheitsinformationen","","","3.0.51.0","1","AndroidWorkProfile"
"0dc3c999a7ca807d4a04bd6194c652de9e6d24c62fcfebda6b124d8491779c73","NFC","","","13","1","AndroidWorkProfile"
"d38810f3979ac7d72c7d1d6695bb7c8580484a95666396024e05cacf4165c5e4","Microsoft.MPEG2VideoExtension","CN=Microsoft Corporation, O=Microsoft Corporation, L=Redmond, S=Washington, C=US","","1.0.50901.0","2","Windows"
"cf953f95901bbd93e4a3e7656271236b6a586ee64bbd851dd869da09c600a7ea","Microsoft.People","CN=Microsoft Corporation, O=Microsoft Corporation, L=Redmond, S=Washington, C=US","","10.2202.31.0","7","Windows"
"4a98229ef566b6071e240d4a2b195bce98416279f52d58494001d8b33d881e39","Konfigurationsnachricht","","","7.8.03","1","AndroidWorkProfile"
"7a8d47fb039fb7f0841f56388f2dd01a11c3b370b0a3e8727d33b0270336e36e","Samsung DeX System UI","","","3.0.01.25","1","AndroidWorkProfile"
"3d2a1c5b6c5ecad21d77c5ea0d4d588217cd82cb4634362a7e9a42550041de61","Unternehmensportal","","","5.0.5975.0","1","AndroidWorkProfile"
"f2982276b0b1c8496e11bc211355829b76dc6b1cc9180f94132b68a0afb49305","DellInc.DellCommandUpdate","CN=F005DA31-7CE1-4D3E-ABEE-08A4AFF4F592","","4.6.1.0","1","Windows"
"b1f951526e67cd1c0d5913d5b473c91268e339b02ba6a58b97a81aedd52c7339","Microsoft.HEIFImageExtension","CN=Microsoft Corporation, O=Microsoft Corporation, L=Redmond, S=Washington, C=US","","1.0.61171.0","3","Windows"
"00aa52ca5c14915810f3127dca7d6efb936122cb857e3588b24322e3c9448b26","Tethering","","","13-10224731","1","AndroidWorkProfile"
"848a05fecf25360de42a2c43f6b53de36eeff8ebd90013a4eab96b95ea01feff","WlanTest","","","1.1.0","1","AndroidWorkProfile"
"246f20f13dadaf3e57ad21d13eb936763eebf75babef5c36e47ffbf4f902aa41","Microsoft.WindowsAlarms","CN=Microsoft Corporation, O=Microsoft Corporation, L=Redmond, S=Washington, C=US","","2022.2304.0.0","1","Windows"
"99147720d6460cf43d813e468c081d6435cf7b225594e757f5503cf3c112008c","Microsoft.MixedReality.Portal","CN=Microsoft Corporation, O=Microsoft Corporation, L=Redmond, S=Washington, C=US","","2000.21051.1282.0","8","Windows"
"11470a0d61c96d5e3e9f781f091491460b4e53a7886dcfee11b2d13fb50e1044","SCameraXService","","","1.1","1","AndroidWorkProfile"
"3ea40a6aceb8a3f24cc7b9dd50d6f26dff82b475d4b0c25b72a33dc9eda16b74","Microsoft.ZuneMusic","CN=Microsoft Corporation, O=Microsoft Corporation, L=Redmond, S=Washington, C=US","","11.2305.4.0","8","Windows"
"05d21723712310c28c24178eb1850ce1ebfbff5f3330528e6de0f65c3474e6e6","Microsoft.BingTranslator","CN=Microsoft Corporation, O=Microsoft Corporation, L=Redmond, S=Washington, C=US","","5.6.0.0","1","Windows"
"0905d8665bb24e00825860f22fa3d3323036b0eaae3cfcd42e3f8edbcb6cda3a","SetupWizardLegalProvider","","","2.1.13.0","1","AndroidWorkProfile"
"c6fbac90bfec1e370f0222229706b789388daac9a15aafd1363507d4a58e929e","SpotifyAB.SpotifyMusic","CN=453637B3-4E12-4CDF-B0D3-2A3C863BF6EF","","1.174.631.0","5","Windows"
"2122e8d8a46df0cd1287186ccab585015e83ef96be63b29d222e0fec714ce06e","com.samsung.android.wifi.softapwpathree.resources","","","1.0","1","AndroidWorkProfile"
"56ab6e5ef16d6afb9d8767ee9e56387a6e9bdb4d5c830d8a2b22e4688befd9e4","com.google.android.networkstack.tethering.overlay","","","11","1","AndroidWorkProfile"
"9178c96cffc0d23864d3635bb085578f029a3826ab3392f88e60d5cd247d2916","Microsoft.WindowsMaps","CN=Microsoft Corporation, O=Microsoft Corporation, L=Redmond, S=Washington, C=US","","2022.2303.5.0","1","Windows"
"de84347d0f8e25c566f5c801931774b0194601d2047ef96d621485e395f72e9f","Microsoft.Xbox.TCUI","CN=Microsoft Corporation, O=Microsoft Corporation, L=Redmond, S=Washington, C=US","","1.23.28002.0","2","Windows"
"3abcf9714ef7b50b0646199172b5e62e372c7e58eae605bcbb5cd6554668abcb","Microsoft.XboxGameOverlay","CN=Microsoft Corporation, O=Microsoft Corporation, L=Redmond, S=Washington, C=US","","1.54.4001.0","4","Windows"
"1838b5e558486533795fdece11c1b92b95b0dd546d0e8306ed2c1d0e7df41b16","Tags","","","4.3.04","1","AndroidWorkProfile"
"70d3d494fae4c82cbf786ce4a47b7e6df95dbbb9f5af0350d762bffc45158583","DellInc.DellPowerManager","CN=F005DA31-7CE1-4D3E-ABEE-08A4AFF4F592","","3.14.40.0","7","Windows"
"081c8937ab1b61730f43b5ab2e28034e897f66b791fc09cef533d760fdea90ac","Hiya Service","","","3.4.1-samsung-1601","1","AndroidWorkProfile"
"0ff994441975364f4a7376d629a11e6b50a446e749f63abc63f72c6a1bb4cc47","Microsoft.WindowsMaps","CN=Microsoft Corporation, O=Microsoft Corporation, L=Redmond, S=Washington, C=US","","11.2303.5.0","7","Windows"
"1d2842696373c106ef91558b107411afae98432d73d939f61dbb8a885680b366","Google Play-Dienste","","","23.31.16 (190408-555695945)","1","AndroidWorkProfile"
"26c95f887df4d4a4cc29848e2cf5f401b7b4c1a60eb7e32f6b16734b6300f7cb","Microsoft.PowerAutomateDesktop","CN=Microsoft Corporation, O=Microsoft Corporation, L=Redmond, S=Washington, C=US","","1.0.65.0","1","Windows"
"40268f974343f18ed75d5b3880f3bc5d028ef56b201c65864961671912569ad2","Microsoft.OneDriveSync","CN=Microsoft Corporation, O=Microsoft Corporation, L=Redmond, S=Washington, C=US","","23153.724.3.0","2","Windows"
"e63ea339fa218fd0a902faabc7c7966e035e519b0927570852e1e0742e561bb3","CameraExtensionsProxy","","","13","1","AndroidWorkProfile"
"df764b678aef4361c7b34d60764db9b5e56550bfefd8a474178de74a772cda3b","Konfigurationsupdate","","","2.0.27","1","AndroidWorkProfile"
"e99b7c56e72b4f143643710ac88b48c46bc762444323b0e3bb76e39ca7521c82","Microsoft.NET.Native.Runtime.2.2","CN=Microsoft Corporation, O=Microsoft Corporation, L=Redmond, S=Washington, C=US","","2.2.28604.0","8","Windows"
"c1c26613df044b6ba4f12e52bd7ba630aefc6dff75c4de9f41c709ee2f690e54","com.android.wifi.dialog","","","13","1","AndroidWorkProfile"
"8793adac6388c41bd20dd338c8921c7b77256aeb8b2a8258ff43e77f9c119f80","WLAN-Anrufe","","","8.0.00.69","1","AndroidWorkProfile"
"641061335cecec69aee2d778da72d70935fe1eb9d3952ecf6ce528ccdb5ed46c","com.google.android.overlay.gmsconfig.asi","","","1.0","1","AndroidWorkProfile"
"edc20b8c07bf0c75052272499a3ebc3439a3ef899843dad1c9b3d6501467d745","DellInc.DellOptimizer","CN=F005DA31-7CE1-4D3E-ABEE-08A4AFF4F592","","2021.720.1135.0","1","Windows"
"174bace86ed8237b1b5ad7b4eea149065d8b00a8aad861ffc1e083774c36ea86","Samsung ApexService","","","3.4.09","1","AndroidWorkProfile"
"20ad7b9737679ef6223def74fd8dbb7073380d9b624206bb140448a7363c343a","Adapt Sound","","","13.0.36","1","AndroidWorkProfile"
"afb7ee66599accc534520cddc876888b093a427382e55d3f358622e16b3fa897","Microsoft.Services.Store.Engagement","CN=Microsoft Corporation, O=Microsoft Corporation, L=Redmond, S=Washington, C=US","","10.0.19011.0","7","Windows"
"d15a25a10a623e97cf4fa43e80731c92ab32bebdb0a5bfb3c777f9352de9f949","Microsoft.Paint","CN=Microsoft Corporation, O=Microsoft Corporation, L=Redmond, S=Washington, C=US","","11.2302.19.0","3","Windows"
"26566632ae8e339ec000d91336c7a5d5ac4b147a84f09a510bf937a5255b97b9","Nearby Service","","","3.3.16.21","1","AndroidWorkProfile"
"7151351eec4356a6476446538028482ba14bd513613a6dd82d237ddb32e09382","Microsoft.Todos","CN=Microsoft Corporation, O=Microsoft Corporation, L=Redmond, S=Washington, C=US","","0.33.33351.0","1","Windows"
"c7ad41564b900e44f3eb5f39e9463011fde676b58e4be2495248bb2aaf6b4d08","Microsoft.CompanyPortal","CN=Microsoft Corporation, O=Microsoft Corporation, L=Redmond, S=Washington, C=US","","11.1.146.0","1","Windows"
"ea72ec123c8e736eba448763e7cc2a5e80977f047850fbacf152323dde6af3b5","com.samsung.android.smartface.overlay","","","1.0","1","AndroidWorkProfile"
"743bcb594615790f57297b46b8de6229f2024c801999c39f72523075ad87bc15","Clipchamp.Clipchamp","CN=33F0F141-36F3-4EC2-A77D-51B53D0BA0E4","","2.7.7.0","3","Windows"
"110fcde0faa401f9ff7227cfb164ae85b98baf32cbac8f1cdfe6381b8d9a18d6","Microsoft.MSPaint","CN=Microsoft Corporation, O=Microsoft Corporation, L=Redmond, S=Washington, C=US","","6.2305.16087.0","7","Windows"
"e48a063ffba790990c9731ebdd716bbde7ac7cc55ac1e716eedc84cd36be8fe5","Eingabehilfe","","","14.1.01.1","1","AndroidWorkProfile"
"3ad85df6d811968e9d5fcc817c107ef1f092f2c579ba5efc9b13dee8e411c42c","Microsoft.WindowsStore","CN=Microsoft Corporation, O=Microsoft Corporation, L=Redmond, S=Washington, C=US","","2022.507.446.0","8","Windows"
"7c6e2a9e5d90bac6abd0ba946e652b3fa301bba72efa3bf90bae641ea1204421","Samsung Cloud Platform Manager","","","5.1.00.13","1","AndroidWorkProfile"
"1313363328172edc3f7e539d03332dff2936eeb69adf591f9900d94ebd765a01","com.google.android.nearby.halfsheet","","","13-10224731","1","AndroidWorkProfile"
"877f73549bf1d953263d912ba450766fd11782e714843e0c2052ea2330a4d560","Microsoft.NET.Native.Framework.2.2","CN=Microsoft Corporation, O=Microsoft Corporation, L=Redmond, S=Washington, C=US","","2.2.29512.0","7","Windows"
"e4836d307e1aa18bc10334e485131b4a57d0b8c7d54fcfcbf836f7fb55c4deba","DellInc.PartnerPromo","CN=F005DA31-7CE1-4D3E-ABEE-08A4AFF4F592","","1.0.21.0","8","Windows"
"632e3eedf0b4d48f80c3de6fcae344512173834a1a1c2c15e07ec6b41f0efaa6","Microsoft.ScreenSketch","CN=Microsoft Corporation, O=Microsoft Corporation, L=Redmond, S=Washington, C=US","","11.2305.26.0","6","Windows"
"f87e4ddc3cf41132828ed833300eeaa49eeb929cb1de5ec9ef13454160c85e00","Microsoft.AV1VideoExtension","CN=Microsoft Corporation, O=Microsoft Corporation, L=Redmond, S=Washington, C=US","","1.1.61781.0","7","Windows"
"9b39f057754bbd76e480c4c95cca80155953b23eb7d0af842a1329e0f59eb142","Microsoft.Windows.Photos","CN=Microsoft Corporation, O=Microsoft Corporation, L=Redmond, S=Washington, C=US","","2023.11050.16005.0","8","Windows"
"30b21617b99de6b6ad126de6a23552f1300512022539f5b687607b09cb58b825","com.google.android.overlay.modules.ext.services","","","1.0","1","AndroidWorkProfile"
"1f946b1fd5c2c9100f803994698a849f314d3233a82be4fe128edbcb9b097b43","SoHService","","","13","1","AndroidWorkProfile"
"985d4e9579574b8d90fdbea854cb0fcea6dfd865d729bdd6f9dbe44c69ea08de","Microsoft.ZuneVideo","CN=Microsoft Corporation, O=Microsoft Corporation, L=Redmond, S=Washington, C=US","","10.22091.10041.0","7","Windows"
"b507fc328a452529149b9cd070028763b9fc47edf52294192d1f2363575308e1","Microsoft.Todos","CN=Microsoft Corporation, O=Microsoft Corporation, L=Redmond, S=Washington, C=US","","2.102.62351.0","2","Windows"
"1313f17f01ab75bdb97ad68895a564e72ae66db3b5797b1abdb514adf7a5f383","Microsoft.HEIFImageExtension","CN=Microsoft Corporation, O=Microsoft Corporation, L=Redmond, S=Washington, C=US","","1.0.62091.0","5","Windows"
"d789d11a6e652f7297b31bf7ce32b5ea60bb66983338f89ddf151aa5ca3e6693","Microsoft.UI.Xaml.2.7","CN=Microsoft Corporation, O=Microsoft Corporation, L=Redmond, S=Washington, C=US","","7.2208.15002.0","1","Windows"
"6f762abaaeb9c6cb4a235c001255f65b6f04ae0a7cecb415cad2d0b62671f11d","Microsoft.GetHelp","CN=Microsoft Corporation, O=Microsoft Corporation, L=Redmond, S=Washington, C=US","","10.2303.10961.0","8","Windows"
"b330ea64178b3cfced40e8d8e812a594bb948f9197795cab0ba0e51091fbe9f9","AppUp.IntelGraphicsExperience","CN=EB51A5DA-0E72-4863-82E4-EA21C1F8DFE3","","1.100.5180.0","7","Windows"
"43801d3894cb467e9b9dea587ba7bbabd58cddb207326075324fee70c31a937f","AppUp.ThunderboltControlCenter","CN=EB51A5DA-0E72-4863-82E4-EA21C1F8DFE3","","1.0.36.0","6","Windows"
"47b8984a290412c1bd2c3f1872452596a7754348fdd0704cb380fd3567061a29","NetworkStackOverlay","","","13","1","AndroidWorkProfile"
"e71727186f64c6e6f1b7536bf623379da1350fec25e18d734bcfcfbe393e16ab","Einrichtung des Arbeitsprofils","","","13","1","AndroidWorkProfile"
"3ad3655518393ae7ea4745b134e2d27f849b4eec2647bb94529b264417862a0d","Microsoft.UI.Xaml.2.7","CN=Microsoft Corporation, O=Microsoft Corporation, L=Redmond, S=Washington, C=US","","7.2109.13004.0","7","Windows"
"dcedc6c95f267fde4d875e945e24a5510c7bc8a69e8c6df685867f94419d6f54","Samsung Kids-Installationsprogramm","","","10.4.06.2","1","AndroidWorkProfile"
"3de91c2aae5bfe289c9fe2d42130f1d95499637957000d60dcc06bfbd3092adb","Samsung Multi Connectivity","","","1.2.10.12","1","AndroidWorkProfile"
"b0dab0dfd87cae8552c5940a9107da547bc65e3ac011b2a63ffa479aac567749","Microsoft.NET.Native.Runtime.1.7","CN=Microsoft Corporation, O=Microsoft Corporation, L=Redmond, S=Washington, C=US","","1.7.27422.0","7","Windows"
"0c4fbaaac38f817641693fa0c93e295dd975b83955cd2c2c9f22010b6af4c8f0","Microsoft.XboxGameOverlay","CN=Microsoft Corporation, O=Microsoft Corporation, L=Redmond, S=Washington, C=US","","1.46.11001.0","3","Windows"
"25adb45d219d6eb9f7805c60c4a3c9012ec66b7283f7a8c50e8b7d220b12c009","Microsoft.WindowsAppRuntime.1.2","CN=Microsoft Corporation, O=Microsoft Corporation, L=Redmond, S=Washington, C=US","","2000.747.1945.0","1","Windows"
"e40985aa9482078c49b5a48f509f4ba1f4b06bda6b72549892e80919099f7690","Android System WebView","","","115.0.5790.168","1","AndroidWorkProfile"
"94536d0d848699d3525b40717f93059f21e91512b68935027f1a14e2b8aadd57","CallContentProvider","","","14.1.00.4","1","AndroidWorkProfile"
"6b90bb4855cbf58e6e5077f56ecb35b1b50c0dcc5e30576d9db1c8b89112ddc5","Telefon","","","14.0.00.9","1","AndroidWorkProfile"
"b8e21070b651060975ddf9bbb40bef4013c4b7b0ef8dfc614c77b22a23ecf160","Mehrfachsteuerung","","","1.6.01.21","1","AndroidWorkProfile"
"eec2d7c62273ca82bdc3ea3985645d5613e811f09995acb0d4dc82752e6f9ef7","CarrierDefaultApp","","","13","1","AndroidWorkProfile"
"7feb2f91176d644e8ae411447c133c3675f769cea6809f1dc449f8ab920f4046","Call Log Backup/Restore","","","13","1","AndroidWorkProfile"
"2a7640d7cd40c6173881a70059debd90c83550f0689d4ff29d1f0c17e2d797e1","Microsoft.GamingApp","CN=Microsoft Corporation, O=Microsoft Corporation, L=Redmond, S=Washington, C=US","","2307.1001.5.0","7","Windows"
"46651d48f7fed070692747463c18929f8c7404622e6d0922bb26fcf12120c6e6","Anmeldung über Captive Portal","","","aml_net_331610000","1","AndroidWorkProfile"
"5360a44663b12b0ea7437323ad87140beacd531611776f743ab13a90ab081145","Noto Serif / Source Sans Pro","","","1.0","1","AndroidWorkProfile"
"64b0826c6a5a5f08636824375018a8063d76eb9690d25fa6f193d6ac68411fdf","Microsoft.WindowsSoundRecorder","CN=Microsoft Corporation, O=Microsoft Corporation, L=Redmond, S=Washington, C=US","","11.2304.25.0","7","Windows"
"ac488d9b6bd610e6df75896bb2a4610fcfa7716cfed9dca580c8b26c5e5728e7","Speichermanager","","","13","1","AndroidWorkProfile"
"64d2667747003bf29f6d51b31eb5ea629b5944961d04f5436a109537ca296285","Microsoft.LanguageExperiencePackpl-PL","CN=Microsoft Corporation, O=Microsoft Corporation, L=Redmond, S=Washington, C=US","","22621.29.150.0","1","Windows"
"f60358eb960b876784d6f2c5690629818ae55e4c6a96cd7aeeea1e343a765505","Microsoft.WindowsStore","CN=Microsoft Corporation, O=Microsoft Corporation, L=Redmond, S=Washington, C=US","","22204.1400.4.0","1","Windows"
"d666a1ce0b11a0c13f6271e8010c1d5edd4d83514dcf5a4c5bda8ed9ece55a0c","Continuity Service","","","1.2.10.12","1","AndroidWorkProfile"
"a4d7feac68135e1f11c10a7bf8853b04a23dceaa1574ce798a8db998560e29fb","EpdgTestApp","","","13","1","AndroidWorkProfile"
"dd037b9f3fa34a60b54cdcbba8d78f894bc2e3f3ec5fd80a03b22257767b1f8d","App-Update","","","1.2.10","1","AndroidWorkProfile"
"52292369c66a8f39a3d3ee67f999131045bdbf87dc76e925cb5223ed1aca1b96","Microsoft.MicrosoftEdge.Stable","CN=Microsoft Corporation, O=Microsoft Corporation, L=Redmond, S=Washington, C=US","","115.0.1901.203","1","Windows"
"443918798fe1ee91fdaf9303732db9cdd810db5c243b65eb99a4b96af27201c6","Microsoft.XboxSpeechToTextOverlay","CN=Microsoft Corporation, O=Microsoft Corporation, L=Redmond, S=Washington, C=US","","1.21.13002.0","4","Windows"
"24921e7fbd5cde9ba1e3ee92a6e00211a75b9c7cfde5fb33fb4f3031b7249d3a","Microsoft.DesktopAppInstaller","CN=Microsoft Corporation, O=Microsoft Corporation, L=Redmond, S=Washington, C=US","","1.20.2201.0","6","Windows"
"f5b60efb74caa61effff81e4e1a8b06d53565ff8bf4c8ad6a85b1a61d10e9c36","AdobeNotificationClient","CN=Adobe Inc., OU=AAM 256, O=Adobe Inc., L=San Jose, S=ca, C=US, SERIALNUMBER=2748129, OID.2.5.4.15=Private Organization, OID.1.3.6.1.4.1.311.60.2.1.2=Delaware, OID.1.3.6.1.4.1.311.60.2.1.3=US","","3.0.1.1","1","Windows"
"fad035f5f723824f00e1ada71bd6554ce75bb8dc8a3a5bac7c9558054b3ef25d","com.samsung.android.wifi.softap.resources","","","1.0","1","AndroidWorkProfile"
"83d5479eab8c5e901a7f356289a12e3a9c33bc8387777636ea9529df42ea0e35","AdobeAcrobatDCCoreApp","CN=Adobe Inc., OU=Adobe Inc., O=Adobe Inc., L=San Jose, S=ca, C=US, SERIALNUMBER=2748129, OID.1.3.6.1.4.1.311.60.2.1.2=Delaware, OID.1.3.6.1.4.1.311.60.2.1.3=US, OID.2.5.4.15=Private Organization","","21.10.15.6","1","Windows"
"5aaad845ec73ba4dab1bec338470a6137631d316388d0914ef6e7f34c705a6c5","Microsoft.WindowsAppRuntime.1.3","CN=Microsoft Corporation, O=Microsoft Corporation, L=Redmond, S=Washington, C=US","","3000.934.1904.0","6","Windows"
"54b7150cd8ad0beb68341b6fcc067f636ff626d424bc4f7110eff951810f2e40","Microsoft.UI.Xaml.2.1","CN=Microsoft Corporation, O=Microsoft Corporation, L=Redmond, S=Washington, C=US","","2.11906.6001.0","8","Windows"
"a87d8835ede9f692301b8a047fde0e2db9824509a3d8e13b54518b47ee554c8e","Microsoft.UI.Xaml.2.3","CN=Microsoft Corporation, O=Microsoft Corporation, L=Redmond, S=Washington, C=US","","2.32002.13001.0","8","Windows"
"a827a333af3cde0129ff9423d98a5f2df197a1ef5a1d284e923ef6f71dcd9de4","Microsoft.YourPhone","CN=Microsoft Corporation, O=Microsoft Corporation, L=Redmond, S=Washington, C=US","","1.23062.153.0","1","Windows"
"4c2c19933ba34e3ebe09630f61d95b3472be390520df2da23021c5fc9d008ae9","com.google.android.overlay.modules.cellbroadcastreceiver","","","13","1","AndroidWorkProfile"
"cc86dfa3d9ca9e6143226a9f2b628001b450c7e2f890343a4977cbf222b25e40","Microsoft.ScreenSketch","CN=Microsoft Corporation, O=Microsoft Corporation, L=Redmond, S=Washington, C=US","","11.2306.43.0","1","Windows"
"8c80a52bd38462aebf6e8b9820f36c9fb0fde184cb35a144d078730425e3069a","Android System Intelligence","","","T.29.playstore.oemfull.551304676","1","AndroidWorkProfile"
"f151b40794d67f3ed1c8494d95d960a6c5070189c80263b5d5e932151a6e078e","Druckverwaltung","","","13","1","AndroidWorkProfile"
"94b98dff3ad43f9d3a25c1790e458ef8af06bfff676beb548c4c08666e2057b1","AR-Emoji-Editor","","","5.2.00.10","1","AndroidWorkProfile"
"72914e34c7de44de31372c7b2257ca18e98364c9f1b6fc3f8ad4b72c987b60c1","Bevorzugte Kontakte","","","14.5.00","1","AndroidWorkProfile"
"d29f96d7dcef280ba8568d68a85a625b8022768d981e34dbaf1530a1ae4883a9","WinRAR.ShellExtension","CN=win.rar GmbH, O=win.rar GmbH, L=Berlin, S=Berlin, C=DE","","1.0.0.1","1","Windows"
"3599fc005d1764670ea14deec116c8ce39452ccfbda646a2fa606d621cd57747","com.sec.epdg","","","13","1","AndroidWorkProfile"
"e401c3209128dd0cf0735148e214db94e50ac01405406b475d031102d8d96671","Sound-Auswahl","","","10.0.13.7","1","AndroidWorkProfile"
"5718b2e12b706f24e1a774ed2d4503ccd2ca36fec68546557992531ac4861c93","com.google.android.overlay.modules.cellbroadcastservice","","","13","1","AndroidWorkProfile"
"c4a8add22e5b792545034f3ad1ac5af28e849ac9048836a4b65d937d1f690462","Google Play Services for AR","","","1.39.232070593","1","AndroidWorkProfile"
"67bb06b26c8335e2d7cc4956b324ba5fa647b3cabf0de02e7d57e2bb3e9efaff","com.qualcomm.timeservice","","","11","1","AndroidWorkProfile"
"e3e5f0e2617dbdd44125467eb6a8f112dd372d6a00c4968a0d6f16655987a890","MTP-Anwendung","","","13","1","AndroidWorkProfile"
"edf1a569f840cff182035c7c467e128d80f5a64dd841a105bc6d4af9b90c4dd7","Microsoft.RawImageExtension","CN=Microsoft Corporation, O=Microsoft Corporation, L=Redmond, S=Washington, C=US","","2.1.61661.0","8","Windows"
"c2f2bd4a072a88c1396acdec9a2c73b6081e87090952f5ca3c72fc5feb56e9b4","Adreno Graphics Drivers","","","0.1.0","1","AndroidWorkProfile"
"b398ef5f4549623888705a1967b262898762d1424f8090683d208869fa7f4c99","MicrosoftCorporationII.QuickAssist","CN=Microsoft Corporation, O=Microsoft Corporation, L=Redmond, S=Washington, C=US","","2.0.21.0","7","Windows"
"eed07cc0ebfd7f0cef6d04753427f10e155184d6a33af73e58b7c4a7b0953b59","Microsoft.LanguageExperiencePackde-DE","CN=Microsoft Corporation, O=Microsoft Corporation, L=Redmond, S=Washington, C=US","","22621.32.152.0","7","Windows"
"f3cde0ac5ab2fcf55b1e7fd8d848ba3cce8f65ea3642ff2cc2ac06089eeeaf4a","Microsoft.Microsoft3DViewer","CN=Microsoft Corporation, O=Microsoft Corporation, L=Redmond, S=Washington, C=US","","7.2307.27042.0","1","Windows"
"b9591557e3423ede5a1eb7e2c48b6c5f326607e13550523e770f1aa381e21471","Sec Media Storage","","","13","1","AndroidWorkProfile"
"77e3b0562c1d41a8d55bafc366c795904d3e389a237d8c7d922d26a4cf980c44","Microsoft SwiftKey-Tastatur","","","9.10.19.21","1","AndroidWorkProfile"
"78e8377a95efb7a21459efdaa42bc4f3cf7ee80010efcb1a01f77c2819f867ab","Samsung Location SDK","","","6.1.22","1","AndroidWorkProfile"
"93083bdd1aa564e3aeff4daec76dc374c13ca566cf7920cb7bd16a36cf29330a","Hintergrundbilddienste","","","3.3.06.25","1","AndroidWorkProfile"
"faeced1883fd5b882273cad8a5ee4d3f849c203e7ea588f38bbe270ebe8e95ff","Microsoft.Office.OneNote","CN=Microsoft Corporation, O=Microsoft Corporation, L=Redmond, S=Washington, C=US","","16001.14326.21452.0","7","Windows"
"79fa7ccaaaa93c72986cad7b8bc76cb2201819219741c643e628e9c881ef0e37","Clipchamp.Clipchamp","CN=33F0F141-36F3-4EC2-A77D-51B53D0BA0E4","","2.7.9.0","5","Windows"
"49dc58f1e3f26d3a1746475fcedad09a80812614a5f7464657079830132cab57","Foundation","","","3.1.02.0","1","AndroidWorkProfile"
"cb56da157b5ecadd8c8a6db7e92151006a459a9a57cc5d0b87abda0cb64b48e5","DellInc.DellOptimizer","CN=F005DA31-7CE1-4D3E-ABEE-08A4AFF4F592","","2022.1102.1011.0","1","Windows"
"3f536e1d3386433b81034d1c4db29eea7182e2f24963a919b57442a309a363b8","MicrosoftWindows.Client.WebExperience","CN=Microsoft Windows, O=Microsoft Corporation, L=Redmond, S=Washington, C=US","","423.21300.10.0","3","Windows"
"cd213362677b3333016b9e581c561dd7c2fc72a46bd7c10fdcd0b5cc382e2c13","Microsoft.WebpImageExtension","CN=Microsoft Corporation, O=Microsoft Corporation, L=Redmond, S=Washington, C=US","","1.0.62011.0","7","Windows"
"82bc3fedb372c5c87dee1d31a7875c1dbbff89e2b830515097f8dbcc1fcada28","CMHProvider","","","8.1.57","1","AndroidWorkProfile"
"34148b6efa402c29969efcb3eb6da9256e9aaac55e9b857eeedaea7bdb76f7fa","AppUp.IntelOptaneMemoryandStorageManagement","CN=EB51A5DA-0E72-4863-82E4-EA21C1F8DFE3","","18.1.1037.0","7","Windows"
"c11db45b7dbe988868594fd8337f00a5952783ff5b016b24bb8b636c261b8d9b","Microsoft.OneDriveSync","CN=Microsoft Corporation, O=Microsoft Corporation, L=Redmond, S=Washington, C=US","","21245.1128.2.0","1","Windows"
"e4065d68a761401646b392ab787aa8b30a15b816edc135a2e81751f0dfbf2abb","Microsoft SwiftKey Factory Settings","","","2.2.0.494","1","AndroidWorkProfile"
"6eafc4585a8b47f96d36755cd64effae97564352b0703d5f3bcbe7709c043235","Microsoft.NET.Native.Runtime.2.1","CN=Microsoft Corporation, O=Microsoft Corporation, L=Redmond, S=Washington, C=US","","2.1.26424.0","8","Windows"
"118701ce2ef3bb3476b3c38f78579a5f9229eff681f6310bf65fd7057e8a130d","Microsoft.SkypeApp","CN=Skype Software Sarl, O=Microsoft Corporation, L=Luxembourg, S=Luxembourg, C=LU","","15.101.3212.0","3","Windows"
"e4835e69c130c0f8c239935c55b7ad21cc617a556768e8a7e330d9d290ccc3b1","Dateien","","","t_frc_doc_330543000","1","AndroidWorkProfile"
"fd8dd126427fad7941326d88d87373fd5110a0a07e3d3dd28c07d2de69b21a1c","Automation Test","","","1.0.00.4000","1","AndroidWorkProfile"
"79fcbdc9cb9315cb7d05292374bb9004957b1b253b1d3c6d4b8da5fd86c6a071","Microsoft.WindowsFeedbackHub","CN=Microsoft Corporation, O=Microsoft Corporation, L=Redmond, S=Washington, C=US","","1.2304.1243.0","7","Windows"
"b8721faa46893f12835a40f0b0539da2788d68a2403142076fc73d60f5c5691a","Download-Manager","","","13","1","AndroidWorkProfile"
"5530c4efe8de666a660a439b3276c20484f88c66fe6ef8f5d356f898b2358013","AD2F1837.HPPrinterControl","CN=ED346674-0FA1-4272-85CE-3187C9C86E26","","148.2.1069.0","1","Windows"
"11be403d50d5c309bc6e969c89efbc1094fab2bfb95803a301367bc1b307d892","Quick Share Agent","","","3.5.16.21","1","AndroidWorkProfile"
"29194b03c62234b8c164b1596c1a42884fae345f81409162739507565b6ebd04","MobileWips","","","1.2.01.17","1","AndroidWorkProfile"
"175f93dfd507014845b97ce75355c711336c94c40822078dde833a8093090bfa","System-WLAN-Ressourcen","","","R-initial","1","AndroidWorkProfile"
"36b8c56fe46848fbbd1a2879b102681b72ac4bbf774354e2937ef02070fd89cd","Samsung voice input","","","20.9.99.100","1","AndroidWorkProfile"
"3b720207b002d3c6d7b4a3166054616625c391ae3dbb1f13a01b9e6f6d740f55","Microsoft.MPEG2VideoExtension","CN=Microsoft Corporation, O=Microsoft Corporation, L=Redmond, S=Washington, C=US","","1.0.61931.0","6","Windows"
"eacb5d9cd46cf8e7c953da8aa387d92028ef8cc8d8ff5887037ee202bd11b1d4","Locale Overlay Manager","","","13","1","AndroidWorkProfile"
"c9f6cdecfa9b040ae85ee21e90b0fc12ae178d10b3ab14090dbde4cbea935320","Tags","","","1.8.10.0","1","AndroidWorkProfile"
"6b41997fde22b6e5afb1d3d6c3fc821ba5625787018d378bb4f03530ae43bd83","Single Take","","","4.0.00.12","1","AndroidWorkProfile"
"c3e0c0b45f14bcef5e604dd87d2949aa8ccece1590d5eee5317c6603fc2dd3c8","Microsoft.WindowsCalculator","CN=Microsoft Corporation, O=Microsoft Corporation, L=Redmond, S=Washington, C=US","","11.2210.0.0","6","Windows"
"33e3885ff75fff88fa1ea19fecf5da96ebc241e53d0bd6ed4765dd096f4e0763","KnoxPushManager","","","1.3.00.1","1","AndroidWorkProfile"
"3eb34a84d461e63a1ddc511aa8a0a8dd53dc42c3428b46a8574d67a3ba03f3c8","Enterprise Sim Pin Service","","","13","1","AndroidWorkProfile"
"c4493ce0c12abf909fa0dc839fa552573ff21d6db7dd4ad9901526d0f77a780a","Microsoft.XboxIdentityProvider","CN=Microsoft Corporation, O=Microsoft Corporation, L=Redmond, S=Washington, C=US","","12.95.3001.0","1","Windows"
"085d167ddf3f1dc1df32df4c3e4335149a337a6f91491376aa911d53076aaca8","Microsoft.Paint","CN=Microsoft Corporation, O=Microsoft Corporation, L=Redmond, S=Washington, C=US","","11.2304.30.0","5","Windows"
"9f0ecbd4c1970a0715ada7701c9ee117cc9c9ac903d31c0743f31ab66e798fc3","Microsoft.SecHealthUI","CN=Microsoft Corporation, O=Microsoft Corporation, L=Redmond, S=Washington, C=US","","1000.25873.9001.0","8","Windows"
"7191d0e56ec2b8832d6e40f476d9e69d466707f49d1095277e0b517c8007b4ef","AppLinker","","","2.2.14","1","AndroidWorkProfile"
"c6f37e77c0cba173e0cc2da615bd11372fba4060b734e599805cd8de982dfb42","DellInc.DellUpdate","CN=F005DA31-7CE1-4D3E-ABEE-08A4AFF4F592","","5.0.48.0","1","Windows"
"a7a219a92e32bf34f5acc3763615ebbda778f1ac9829cc89fbf5047b041add1f","BixbyVision Framework","","","3.8.63.2","1","AndroidWorkProfile"
"bb282b96ee686f33fa0079e20f8d1a70d9287b1d5c947cbbb686c65454a3c2cb","SmartFPSAdjuster","","","13","1","AndroidWorkProfile"
"2861b0812abc46613e9ef8d8425802031436dfa53a22e62ea5dff6635fa62f2b","ChromeCustomizations","","","3.0.32","1","AndroidWorkProfile"
"acb3f6fc0d958fc1223b2d038e29f0e70c291276926cde69cd2673b5e709b298","com.samsung.android.knox.attestation","","","1.4.00.4","1","AndroidWorkProfile"
"0d1ad77d0d5e225608a2a79df8d418eda3b8d5c0d8d75e08d46c5bf1aea706ff","Microsoft.UI.Xaml.2.6","CN=Microsoft Corporation, O=Microsoft Corporation, L=Redmond, S=Washington, C=US","","2.62112.3002.0","7","Windows"
"5f21b5101ce092a552476e9e8e5ccf93b309cc47924cefaebaa3ead543903f96","GPUWatch","","","2.1.00","1","AndroidWorkProfile"
"c1316084e78cbe22e8c3bec2690b622042c7e0e93ca420eb20756715bf5a109b","Microsoft.BingNews","CN=Microsoft Corporation, O=Microsoft Corporation, L=Redmond, S=Washington, C=US","","4.55.51901.0","1","Windows"
"2d23a19cffb2a8c51c99df563b80faeeca528fe896388f8f04a773a4632ff502","Spracherkennung und -Synthese von Google","","","googletts.google-speech-apk_20230724.01_p1.550978359","1","AndroidWorkProfile"
"03353dc30156a4b9e3efacee67627c7aa4b20acb6f9c643f413f3068139c3d02","DellInc.DellDigitalDelivery","CN=F005DA31-7CE1-4D3E-ABEE-08A4AFF4F592","","5.0.64.0","8","Windows"
"b6cb17a1bbd4bd006c83cbcf6e869dfc5bfbf86f6351eb95e65acdc7293dcd55","Kontakte","","","14.1.15","1","AndroidWorkProfile"
"c3597f2ff85bad194229481953282349c0f4a57ddf1f48300dce89c035962d27","Digital Key Framework","","","1.2.02.1","1","AndroidWorkProfile"
"76a8b0d0454fad14e73d647d5dd26a5fe7df2a0b440343e7af7c3f22aa964598","Microsoft.OneDriveSync","CN=Microsoft Corporation, O=Microsoft Corporation, L=Redmond, S=Washington, C=US","","21230.1107.4.0","3","Windows"
"d26dd80282dfa227b2a9778eefee0328bc60320a4004136861ea84201740e54d","SecVideoEngineService","","","1.0","1","AndroidWorkProfile"
"cb7578d4e05860ccbe56b91f6d7f6b780ee1cb4786ad25e9e249bf3381c45b14","Device Health Services","","","1.26.0.539008430.release","1","AndroidWorkProfile"
"2c1a5f269aee894c693ce5a5c4014e48b01603c4f2e00b717810b93fd66798b4","Samsung Text-zu-Sprache-Engine","","","3.3.03.71","1","AndroidWorkProfile"
"555bfde9c911ec2fdf35bf8f0e9fa3bc40c92b91195f219939fc96ff990574da","SpotifyAB.SpotifyMusic","CN=453637B3-4E12-4CDF-B0D3-2A3C863BF6EF","","1.176.447.0","1","Windows"
"13f78feca4928da1f9ccc8b1566049dad0f51c229142a16b748ccdc524294bdb","Portrait","","","8.0.49","1","AndroidWorkProfile"
"a6e74caa6db0ad6ddea90087596afadc4866da69954cc00069c0fd48bddac7f9","AppUp.IntelManagementandSecurityStatus","CN=EB51A5DA-0E72-4863-82E4-EA21C1F8DFE3","","2219.3.0.0","6","Windows"
"c0d78ab58bb576023033b7a748444de0b40d1a8b717882f6af8b773cb91fe415","Microsoft.DesktopAppInstaller","CN=Microsoft Corporation, O=Microsoft Corporation, L=Redmond, S=Washington, C=US","","2023.808.2243.0","1","Windows"
"ea671dfe1b33a49ea74f43c7a19f1b269a60c4826680cd4604e8b96f36f9d4a5","DeX für PC","","","2.5.00.16","1","AndroidWorkProfile"
"3b07aae3a107f1ec2aac225ca990e586e97258a45a5a815a7c682ac56fdfc79c","Microsoft.WebpImageExtension","CN=Microsoft Corporation, O=Microsoft Corporation, L=Redmond, S=Washington, C=US","","1.0.52351.0","1","Windows"
"3096550c35555cb45335b9960c0ca2211a63ce7bde5a8a4303460f39ad408651","KeyCustomizationInfoBNR","","","13","1","AndroidWorkProfile"
"c29d25558cbab2c5dda812cb07b58aeb25effb51d7939d29d28080aceea856a5","Google Assistant","","","13","1","AndroidWorkProfile"
"29c8fc42f4fe5dca6304e1f3dd326ac48aedf94c6b98dbdfa6c80bc4e3e7a1b0","Microsoft.MicrosoftSolitaireCollection","CN=Microsoft Corporation, O=Microsoft Corporation, L=Redmond, S=Washington, C=US","","4.17.8040.0","5","Windows"
"65280f30d6deb89c0d2801b76b86eb55649e5fbf1f03700d6bac7b66b23aa766","SmartFaceService","","","1.0","1","AndroidWorkProfile"
"0d23872b04f9dc3f2a77509a9c8f3c00db4aa24414bca091695d6d096e9fa4e1","HdmApp","","","2.1.00.2","1","AndroidWorkProfile"
"4c524e73cd622d75d462658e06bfdefad30ced7172dcb040018120374a9418b4","DellInc.DellCommandUpdate","CN=F005DA31-7CE1-4D3E-ABEE-08A4AFF4F592","","4.8.29.0","3","Windows"
"2fb32e2d4439e2b50e9f2b2328a0d066c0e968628f27d60ebd8835df24ea3946","Anwendungsempfehlungen","","","1.0.00.42","1","AndroidWorkProfile"
"8275517189b0b452fa19b10d368196af7743babc451af2e7f079fb1ad84c4455","ReaderNotificationClient","CN=Adobe Systems Incorporated, OU=Adobe Systems, O=Adobe Systems Incorporated, L=San Jose, S=California, C=US, PostalCode=95110, STREET=345 Park Avenue, SERIALNUMBER=2748129, OID.1.3.6.1.4.1.311.60.2.1.2=Delaware, OID.1.3.6.1.4.1.311.60.2.1.3=US, OID.2.5.4","","1.0.4.0","2","Windows"
"d2760f37b38dcb73356cf138e632d4f0e5ac9490fb7c363dcb5b76a8d59a2a2d","DQA","","","3.3.02","1","AndroidWorkProfile"
"1b24eddf90eafbbb77f387879a728ce9336d96f2b620ab16e2038db5c4984d04","AudioMirroring","","","2.0.05.30","1","AndroidWorkProfile"
"c7b0da86c53deb015a75eb5a7764325065b89a7fe44dc80d9997a550d654b607","Google Wi-Fi Provisioner","","","1.3.530916162","1","AndroidWorkProfile"
"325b2e9e99582adc6ff1a5e5fa6aa5b170b976404a24516309ea360fc1ddd691","Anrufe/SMS auf anderen Geräten","","","5.1.00.48","1","AndroidWorkProfile"
"555c1a68f833196f10580dbf756e69ef5a1c00530b41410ec39ab95f35b84c11","Microsoft.ZuneVideo","CN=Microsoft Corporation, O=Microsoft Corporation, L=Redmond, S=Washington, C=US","","2019.22091.10041.0","1","Windows"
"9d422fd648fc4868ce7e3f35da6dd4a2b2a3e9d01fff2d2a724efb9731cfff59","Microsoft.UI.Xaml.2.8","CN=Microsoft Corporation, O=Microsoft Corporation, L=Redmond, S=Washington, C=US","","8.2208.12001.0","3","Windows"
"6201e3c9075f88c65d4a7d6f94d6bfc91fae33857d5075d897d0befca6da54f4","Microsoft.VCLibs.140.00.UWPDesktop","CN=Microsoft Corporation, O=Microsoft Corporation, L=Redmond, S=Washington, C=US","","14.0.32530.0","1","Windows"
"af1cb7c5316f24836a518326200a16526bb454522e07aae54b4617bae41bb9d7","Microsoft.XboxApp","CN=Microsoft Corporation, O=Microsoft Corporation, L=Redmond, S=Washington, C=US","","48.89.25001.0","7","Windows"
"450f8ba99dd56c0f4e2f1c9961f497c91697279aaa85755ef3c37c6fd6a4ac98","Tätigkeiten","","","14.2.11.0","1","AndroidWorkProfile"
"dad54a9555b203f0ab58aadb1e3f0b7538a4650801ed77df7084f3e13e1163f8","Microsoft.Getstarted","CN=Microsoft Corporation, O=Microsoft Corporation, L=Redmond, S=Washington, C=US","","10.2306.0.0","7","Windows"
"46bc8f75bb5010b6bc2a295df993417beaa2ece19a81f73b6b00b25a0576d65b","Microsoft.WebMediaExtensions","CN=Microsoft Corporation, O=Microsoft Corporation, L=Redmond, S=Washington, C=US","","1.0.61591.0","8","Windows"
"4ba87971d10ba5f74b7e33729364937860aa0de2cd1ed9f3caecd643afa96d19","microsoft.windowscommunicationsapps","CN=Microsoft Corporation, O=Microsoft Corporation, L=Redmond, S=Washington, C=US","","16005.14326.21538.0","7","Windows"
"748992f48601b72c9bedac83c2905fff2808f9108c2babafd3daf8f33e5433f9","DckTimeSyncApplication","","","5.0.0","1","AndroidWorkProfile"
"0f6850c4fa03520b207ec593eed216d706b70c987185b92601826ef355f07b57","Microsoft.MicrosoftEdge.Stable","CN=Microsoft Corporation, O=Microsoft Corporation, L=Redmond, S=Washington, C=US","","105.0.1343.42","1","Windows"
"eab84209d0bb8f5322d06a52f2e27a067e427963c90be5cf289652e9bc678256","Video-Editor","","","5.1.80.9","1","AndroidWorkProfile"
"9dd53513599ccddcb2d56d97e63b3e74e8ae821662d17f17d04366ffaaa14be6","Microsoft.MicrosoftEdge.Stable","CN=Microsoft Corporation, O=Microsoft Corporation, L=Redmond, S=Washington, C=US","","97.0.1072.55","3","Windows"
"ab94dc020d625c06ca123b97472886ed157a714028d1ca721f2108f83a7e234f","ConnectivityUxOverlay","","","13","1","AndroidWorkProfile"
"426e6ab18822c4c52af7db7f07878eeda7024a7624797fb50508e14390ddcc43","KPECore","","","2.3.01.16","1","AndroidWorkProfile"
"6f29700b4f26781c037508c6e0799afd5a1ff680c9b16a853710f6b061e67b23","MDMApp","","","1.0","1","AndroidWorkProfile"
"3414fe95282202c1388c1170d37e78fedbd78117e374a6ad3531294f4ade3475","Microsoft.Photos.MediaEngineDLC","CN=Microsoft Corporation, O=Microsoft Corporation, L=Redmond, S=Washington, C=US","","1.0.0.0","1","Windows"
"ed219ccb2dd6b49cc0c5b0b0e4a136779b15e15369b42c16f9a8e1290ad02c96","Microsoft.WindowsTerminal","CN=Microsoft Corporation, O=Microsoft Corporation, L=Redmond, S=Washington, C=US","","1.6.10571.0","1","Windows"
"8693ea28a8fddb4299f4ad831cf432a92d0a281cf8d393f6b7bf5339461daed3","Separater App-Ton","","","3.0.00.50","1","AndroidWorkProfile"
"8c2c0ed5b8ced790b676144aa890155f9240d2ded2e57f22e70a81948b9ffba8","ConfigUpdater","","","13-9471438","1","AndroidWorkProfile"
"cd4b74cdba7c6461fb3cb57446eaaf00e36cdb8ecb8636f91e74cf12b182a32d","Gallery-Storys","","","8.1.33","1","AndroidWorkProfile"
"9ad68c920885259b46f0da52fc3ba1b8ae96709972d4068144a9db5ca694b5cb","FactoryCamera","","","3.5.65","1","AndroidWorkProfile"
"4fd0346097a01824b0e0c1162a715604a9748b08515e9ed90b21da622ac7ab55","Microsoft.Advertising.Xaml","CN=Microsoft Corporation, O=Microsoft Corporation, L=Redmond, S=Washington, C=US","","10.1811.1.0","2","Windows"
"cf8d2def2356ece1317c0c2b4497f380e5e4aece4fa80ac1110d1b18771462da","Foto-Editor","","","3.2.23.43","1","AndroidWorkProfile"
"59fb2922fb18aa6c296b64133a726647614e484bb2c51131fa30d5e7f2e1d7d3","Eigene Dateien","","","14.4.00.1","1","AndroidWorkProfile"
"147028cf24b4a3591d80ba6d2cb1f7ac709e1b5e59a3e5e11397fff5e645ffa2","Google Services Framework","","","13-8768315","1","AndroidWorkProfile"
"15cbd438b5ac20580b80157f9ea147d300a60b452f0328d73855e23905bddbdd","CcInfo","","","1.0.4","1","AndroidWorkProfile"
"887d25111df00433fa7b87edaeb29babdf34e788030ca91c36c885f3b3b6a4e2","Begleitgerät-Manager","","","13","1","AndroidWorkProfile"
"bd100709fb156a19bf80c418625809afc95f8836de5788a40317b1b41eeba662","Android S Easter Egg","","","1.0","1","AndroidWorkProfile"
"e38809cebbca6d0c5de75f4c0265b572cfb30a3c78a4ca8ba52265549c2cf5ff","Disney.37853FC22B2CE","CN=58DECE39-D5D0-4293-AAA0-9AF8484F12E2","","1.22.1.0","4","Windows"
"d29afa2e8222a547d3962993754b27178d44fd1ad9099bbe2fed786ad1243b30","SamsungPositioning","","","3.1.03.13","1","AndroidWorkProfile"
"98d76b9d588234735f0066edda7b5445a93bfc18a5180f4ced81c99509280aca","Microsoft.YourPhone","CN=Microsoft Corporation, O=Microsoft Corporation, L=Redmond, S=Washington, C=US","","0.19051.7.0","4","Windows"
"bbdf00ba02d55c987fb0006ac8af56c0ac8447f9a364096d7065b50c08035018","Externer Speicher","","","13","1","AndroidWorkProfile"
"0fb94db6dc98c5249f99f0b3441dd0dd98d3c1008314e35ae8575949c3eeabad","HandwritingService","","","2.5.00.5","1","AndroidWorkProfile"
"34bd1ad9b71470142747b7c4f0ef4d2d442ca314e336447bd9e5a7e445ab4636","Microsoft.XboxSpeechToTextOverlay","CN=Microsoft Corporation, O=Microsoft Corporation, L=Redmond, S=Washington, C=US","","1.17.29001.0","3","Windows"
"27a9e23ec72ec74f0f478e6a9a886d1455e9a92fed5215c2616c9decc9f39e55","Microsoft.WindowsCamera","CN=Microsoft Corporation, O=Microsoft Corporation, L=Redmond, S=Washington, C=US","","2023.2305.4.0","7","Windows"
"e6596a9bb443b311849a61b2509284955e14194165c315299f557fb295ab2b5b","Disney.37853FC22B2CE","CN=58DECE39-D5D0-4293-AAA0-9AF8484F12E2","","1.22.3.0","1","Windows"
"b11f55086002fd2a8edfb945ccdd4a8bafc6cb9673dd4850138fe1ffdcf50830","Seiten-Paneele","","","14.1.13.0","1","AndroidWorkProfile"
"7424c88bde230b75c761c57ae29a14237b70a5850f9303b2ad82e7bf971e0cb2","SettingsBixby","","","5.1.03","1","AndroidWorkProfile"
"f69121e7204feac9f8d2ee4c915263d29e7e90eb5cc38b78ff76a8653d63327e","ImsLogger","","","1.1.16.0","1","AndroidWorkProfile"
"5f4157d081dfbe2d8dfc14e05097b32febd145a17ad3d062c501d3b022233002","Smarte Vorschläge","","","5.1.00.74","1","AndroidWorkProfile"
"48a05b091871f8c47875b95f085c93c8fef5126f3128483073171ee040bb2756","SKMSAgentService","","","1.0.40-86","1","AndroidWorkProfile"
"6bffdea9cc8bf213649da60cd82933351c54790ad47ab430a0c0d91f1998fbd4","Microsoft.XboxGamingOverlay","CN=Microsoft Corporation, O=Microsoft Corporation, L=Redmond, S=Washington, C=US","","5.823.7272.0","8","Windows"
"3b8522cc736c4505f62c417f1df6b6e34b0205b3fb7020efbc6d3c11b8ae9e8e","Microsoft.Services.Store.Engagement","CN=Microsoft Corporation, O=Microsoft Corporation, L=Redmond, S=Washington, C=US","","10.0.23012.0","1","Windows"
"e276ec952dbc18ea1b14c4bdc58f7678322d937fa23062397845d72db46ee1fe","com.google.android.ondevicepersonalization.services","","","T-initial","1","AndroidWorkProfile"
"8f3fc4795a913e2e86c6d54434da80cfbebc72f2b6c36439fa4511c56920902b","DRParser Mode","","","13.0.01.8","1","AndroidWorkProfile"
"4e9b17c205beb4a3fb1cdcdb25da52613ce1479cefff661d21fc1a457ef67fc3","Microsoft.WindowsSoundRecorder","CN=Microsoft Corporation, O=Microsoft Corporation, L=Redmond, S=Washington, C=US","","2021.2304.25.0","1","Windows"
"7e173c4a5001731a0e4b18b36e2526bf1f207510500762df2dcacf6001f0ea4c","Standarddruckdienst","","","13","1","AndroidWorkProfile"
"ac2d2869b7402f611c4949e6d2dc48fdbd2592ba91438abb47bc4fa7f6a0e374","Microsoft.NET.Native.Framework.1.7","CN=Microsoft Corporation, O=Microsoft Corporation, L=Redmond, S=Washington, C=US","","1.7.27413.0","8","Windows"
"d42ee7f8aa18883438573d7bad545d857895225dbe48eadb73b27c1ea6859acc","Main components","","","2023-07-01 T+","1","AndroidWorkProfile"
"ba72958f7c0e0ff9f9ef33ada94b300928b1317ca173d8680c7b31a18d1aaa34","com.android.localtransport","","","13","1","AndroidWorkProfile"
"a5ab25f0d064abcfc8b61cbb5b386db2675abc725ce70c1114821424366ea61a","CMFA Framework","","","3.9.00.6","1","AndroidWorkProfile"
"c2bb227a3ee9de5070dab35c4dbaf1a9bbc9eec47edfc941f9fadb5dd18619f9","SecSoundPicker","","","3.0.00.25","1","AndroidWorkProfile"
"0f00ebb931c07914a1097927c7dd84405c1d609d7f2753f781aa7597b321e197","Microsoft.Microsoft3DViewer","CN=Microsoft Corporation, O=Microsoft Corporation, L=Redmond, S=Washington, C=US","","7.2211.24012.0","1","Windows"
"04bfc7fa48da9c1e70517653fccc9a7d857de2a637f9374e7727d1529f8048ac","Galerie","","","4.0.01.21","1","AndroidWorkProfile"
"a9822ff2b124c81a72c3b783cccb5c435b5066cbb0a7632c75a94d942a56e21a","VpnDialogs","","","13","1","AndroidWorkProfile"
"f27b704b0d1569895f1f2f8dd6d551976dfc6e62b70e7038c72fefa9bd537546","OCRDataProvider","","","3.2.00.1","1","AndroidWorkProfile"
"ce47972f9626679aedb3549b702ec7bc9be9c26c3ea553b3685c7e61a16669d3","com.android.providers.partnerbookmarks","","","13","1","AndroidWorkProfile"
"8f90294be465e2d6426ce6b569b2288f6a853954013b595d54cade6801a66209","Auto-Hotspot","","","1.2.26.0","1","AndroidWorkProfile"
"621081b4c9d2f9a25894d19b6cb67eab86ae843eea314bafde46de62031d056f","com.google.android.overlay.modules.permissioncontroller","","","1.0","1","AndroidWorkProfile"
"d583e354e1f5083c3efb3e87245e26ef960e852c122186f14a4fda90c4beb51d","Samsung Account","","","14.2.01.1","1","AndroidWorkProfile"
"a31e2fe0ced5ea2dd57fc23a3f52bb22a1b3e3455557db4f1b29c789631479c6","Microsoft.Todos","CN=Microsoft Corporation, O=Microsoft Corporation, L=Redmond, S=Washington, C=US","","2.102.62092.0","4","Windows"
"374c7a61f1ca83c52d22e30681761c20e643e2e5b1b71f3a824bc3f47643823e","Android-System","","","13","1","AndroidWorkProfile"
"035b83beb3a906ac5379b3db94646a68bf5cea3be4d799c003a95763ba5fb7ed","Microsoft.SkypeApp","CN=Skype Software Sarl, O=Microsoft Corporation, L=Luxembourg, S=Luxembourg, C=LU","","15.102.3211.0","5","Windows"
"dcf7f0f2266bf3eefd81bc891f4704efce082334c2f7b494b64680bc7a4f279e","MicrosoftWindows.Client.WebExperience","CN=Microsoft Windows, O=Microsoft Corporation, L=Redmond, S=Washington, C=US","","423.13900.0.0","5","Windows"
"88dd8199fb4826bc7e8c31a379c0d081aeb82330c069dcf13ca7347f24543ab7","DellInc.DellOptimizer","CN=F005DA31-7CE1-4D3E-ABEE-08A4AFF4F592","","4.0.201.0","2","Windows"
"4e646073e091f87dd1d13dc598b40d4f9ec66a2bcf81276e4822d8811cb9bbb0","Microsoft.VCLibs.140.00","CN=Microsoft Corporation, O=Microsoft Corporation, L=Redmond, S=Washington, C=US","","14.0.30704.0","8","Windows"
"f26050d258a00d8526f7bca591b5c84ae97969d98b99d52d9452de1b70f72f77","Microsoft.549981C3F5F10","CN=Microsoft Corporation, O=Microsoft Corporation, L=Redmond, S=Washington, C=US","","4.2308.1005.0","8","Windows"
"157b22761aa9278327c1064af5006d144e95bea142d193a2a6fa1da969b995c0","Filter Provider","","","6.0.13","1","AndroidWorkProfile"
"98a529aa789f3cb015167c9322d86cf4c15c39d8738565ff1653085756e5a0e7","FacAtFunction","","","13","1","AndroidWorkProfile"
"03f46ae3338a081e331782cfad4bc0dafd7dcdacdce997bff7d2f8c195847213","com.google.android.overlay.gmsconfig.gsa","","","1.0","1","AndroidWorkProfile"
"5785250df79ef706d86cc9ed6666189bd8fb328bf7c7c971daa5035c5040654f","Smart View","","","8.2.20.18","1","AndroidWorkProfile"
"bd27ac6dc1787fd9746a61f72743f9f9bb678a7d2a372978242de00fef6a98bf","Smart Touch Call","","","1.0.0.7","1","AndroidWorkProfile"
"f42f6d58635ce3fa502dadc3d0ffa4948fc14d03a50968252b60f4ac46e4a020","BadgeProvider","","","2.1.00.11","1","AndroidWorkProfile"
"fdffe7f89bd334f20d2ce57832131b8b6745ff6627f375c2e441e1152739ade4","Mein Wörterbuch","","","13","1","AndroidWorkProfile"
"aa96ec6a147ceff4ee0cbe03c42befb70f3fc7c8cc263f2f1e2180a871618e18","com.google.android.overlay.gmsconfig.geotz","","","1.0","1","AndroidWorkProfile"
"42a1332ca233f7c766cf52d8cf2d0398d4b70b39a503dece352aa7d828468146","Digitales Wohlbefinden","","","4.1.01.9","1","AndroidWorkProfile"
"9f451946c10092e68f6c315bf2c6aabe00e59aa3854ef3fe32daa9647ba99e6d","Kontaktspeicher","","","14.1.06","1","AndroidWorkProfile"
"dc33602273046e467167e311a87db0e0c84d5b17510972a96a64d8e0f14a58cc","Microsoft.HEVCVideoExtension","CN=Microsoft Corporation, O=Microsoft Corporation, L=Redmond, S=Washington, C=US","","2.0.61931.0","8","Windows"
"a097451a13ec19ffa29aca11c8412ed303533fc29b3c44fda31abba8fd024add","Berechtigungssteuerung","","","aml_per_331913010","1","AndroidWorkProfile"
"258564561f2483f3397038e2b097ff11cab634957f3acc8e4126363c96030b4c","Microsoft.WindowsCalculator","CN=Microsoft Corporation, O=Microsoft Corporation, L=Redmond, S=Washington, C=US","","2021.2210.0.0","2","Windows"
"329791d44afb22fbaea9bdd0dca4131cc09397def3a831a20d5119374793a88b","Microsoft.MicrosoftSolitaireCollection","CN=Microsoft Corporation, O=Microsoft Corporation, L=Redmond, S=Washington, C=US","","4.17.8180.0","3","Windows"
"0d70ccb005de47708b9b28ee5b719352e8b3e023948fb6f90f1e2686154dd8e7","Microsoft.XboxIdentityProvider","CN=Microsoft Corporation, O=Microsoft Corporation, L=Redmond, S=Washington, C=US","","12.50.6001.0","3","Windows"
"93cc4abb0f224a77321e691c76f2eac6fb4827a460f4cc12f68986f8e208ea5c","Microsoft.NET.Native.Framework.2.2","CN=Microsoft Corporation, O=Microsoft Corporation, L=Redmond, S=Washington, C=US","","2.2.27912.0","1","Windows"
"d8fd3ee1c3a0ba53d3d176ef9f955858ce87f3747ef8905d097097dda75b220b","Microsoft.WindowsStore","CN=Microsoft Corporation, O=Microsoft Corporation, L=Redmond, S=Washington, C=US","","12104.1001.1.0","1","Windows"
"564e9be9da7de338fafd7251c7e149222e800bc6333734dedff62e320311ffee","CallBGProvider","","","14.0.01.8","1","AndroidWorkProfile"
"875c442143770abef569255ef5148688353ec88fdddc230dd6da152c2a5e0402","DellInc.MyDell","CN=F005DA31-7CE1-4D3E-ABEE-08A4AFF4F592","","2.2.4.0","1","Windows"
"8817ba0febd0a068c80213b2f91da451920d390351be21f6e79a1b577b4514a2","Microsoft.NET.Native.Framework.2.1","CN=Microsoft Corporation, O=Microsoft Corporation, L=Redmond, S=Washington, C=US","","2.1.27427.0","8","Windows"
"9c6b87983e5a97b3dfe53252b19e3e0f8eba6e520d4010c1bbf8d6fbc20dc40e","Arbeitsprofil","","","1.0","1","AndroidWorkProfile"
"20b91a0232114c6fea44074201696a6f0bae79af00a57ac41eda01aeb23719d6","Microsoft.WindowsAlarms","CN=Microsoft Corporation, O=Microsoft Corporation, L=Redmond, S=Washington, C=US","","11.2304.0.0","7","Windows"
"a4c1d7d2a6f4f611c45caf46cc94454ac4042f71f8698132063ce0fa934eac76","34791E63.CanonOfficePrinterUtility","CN=41BAE105-1234-432C-A39C-1B7D1C24232B","","12.7.0.0","8","Windows"
"e86153c2d5f77cb2290139d1331a162f5cdc7aed4a968422786993ea6a40bcca","Android Auto","","","10.2.633224-release","1","AndroidWorkProfile"
"5d6f4ffe69d75f4f999245ec8e89f9b2aac116dbf0a744391fdcd8dd9671413b","slocation","","","1.8.03.110","1","AndroidWorkProfile"
"fb1f0ef6b16f844e0648acef4ed8d01886b1582b03dfea298fe4c92de1af1a8f","com.samsung.android.smartswitchassistant","","","2.1.23","1","AndroidWorkProfile"
"bc6656914645ccc1e80809f0393bd642a6176a67e317c98eb4ba5c552562a0d2","Google Partner Setup","","","100.448391512","1","AndroidWorkProfile"
"088735736bc0f928d42aee0d953df5d55669221fe8dc81121d5702f7f64193e7","FactoryTestProvider","","","13","1","AndroidWorkProfile"
"f5184adf74e2dfb60dfedb91a327d5cb483f523c1a57d9a40f40249a34c43f99","Suchmaschinenauswahl","","","1.33.448791223","1","AndroidWorkProfile"
"7a35cbc4a2040a4a69e8f8760b391020456746a924e039fc20fcbbfceaedd565","Google One Time Init","","","13-8768315","1","AndroidWorkProfile"
"4b89af6372cf83d97775d15e6aa6c753b6392dc29d69e2069e1a49be7f10b022","Einstellungsspeicher","","","13","1","AndroidWorkProfile"
"0a7b31ad020a5afca1043d961eda7f0f2e42a97da33c3e08233d49c9eca4a4a5","Family Link-Jugendschutzeinstellungen","","","0.1.453788429","1","AndroidWorkProfile"
"3d8f4b475c71f56a907f6c115fffe9606926d47e6b53fee6f623cf99b323f0f6","Samsung DeX","","","4.2.37","1","AndroidWorkProfile"
"d3e03ef95e9f57616cdeb8a474bf6cd6fb9506c8f03d6a4b596228df0aa5da9f","Microsoft.MicrosoftOfficeHub","CN=Microsoft Corporation, O=Microsoft Corporation, L=Redmond, S=Washington, C=US","","18.2306.1061.0","5","Windows"
"9b12e98d54894e1ccdf368d0012a667c993f1557131640b484c6b15da96b7f66","Microsoft.Advertising.Xaml","CN=Microsoft Corporation, O=Microsoft Corporation, L=Redmond, S=Washington, C=US","","10.1808.3.0","4","Windows"
"5c3825b8a8ae4736501ab8052b72240fbe1420a7f532118b7b50248aa9551aa0","Zertifikatsinstallationsprogramm","","","13","1","AndroidWorkProfile"
"01b7e5fe5f36a089dd3b6feb7368512ffaafc743edcec1950fa54ee915e91da1","SCameraService","","","1.1","1","AndroidWorkProfile"
"bb780946fdfcf800c986f1308b6cb9a9d8da5f13f5795bc90c6c6d020d0d5026","CMFA AuthTouchService","","","1.0.00.6","1","AndroidWorkProfile"
"c0698a0519f5947c2c5a556e262f86e82c328ae454a9e2c567169a021ac89b4b","Berechtigungsnutzung","","","1.1.01.3","1","AndroidWorkProfile"
"40b637c3b991199bc9fe72bd0add9d5122dfb901072e63467b8d43b068ae9f1f","Videoanrufeffekte","","","3.1.02.5","1","AndroidWorkProfile"
"4ee59590bab515854f9fe4ab73110ca29fcc37934015e96d67dee366857b73fc","Microsoft.LanguageExperiencePackde-DE","CN=Microsoft Corporation, O=Microsoft Corporation, L=Redmond, S=Washington, C=US","","22621.28.145.0","1","Windows"
"17168aee7e075e835a57d074d0c5ff41578195bbae3ad0fa77bef649c15a11c9","Cameralyzer","","","3.4.23.2090","1","AndroidWorkProfile"
"db9d9713f2e6b577a6703606aca484c381cb5fdb923fffe8b645d153357b6a0d","com.android.carrierconfig","","","1.0.0","1","AndroidWorkProfile"
"6f31da6d266b5e851339c42acf63908fb7ffcf3b634777b93f4624636844e2e2","com.google.android.overlay.gmsconfig.common","","","1.0","1","AndroidWorkProfile"
"f527d1f9ca92a2cd38eed016d155eea69a6ec1843b04f3c639f912987fa79a4b","Bluetooth","","","13","1","AndroidWorkProfile"
"6415c51bb680e9a0201da8a8458e2517468a9714f5fb58a20e35e6a596d83a5e","System UWB Resources","","","T-initial","1","AndroidWorkProfile"
"75a3ee47485758fc2ccf56f61b82ce97119138d5400935ae73f37869b3814923","Microsoft.PowerAutomateDesktop","CN=Microsoft Corporation, O=Microsoft Corporation, L=Redmond, S=Washington, C=US","","1.0.560.0","5","Windows"
"da4064b623645af4cf9b59496ea6df3581234516d98e1ffb232f962a9acbcae7","Microsoft.UI.Xaml.2.8","CN=Microsoft Corporation, O=Microsoft Corporation, L=Redmond, S=Washington, C=US","","8.2306.22001.0","5","Windows"
"b79dad760fba311c50e3b099eddd4343ac17b11015614549282a37b14943d79f","MicrosoftTeams","CN=Microsoft Corporation, O=Microsoft Corporation, L=Redmond, S=Washington, C=US","","23195.1511.2279.823","7","Windows"
"40e6276ea32566f6ebe1d5434c2b5594301dc9c3e890e7be6fefb2b540c888f5","NSDSWebApp","","","3.0.00.0","1","AndroidWorkProfile"
"8c305549cbeef78975cf98281a2752e7afec7cba1ea78ebd5570ec271507c562","Microsoft.WindowsAppRuntime.1.2","CN=Microsoft Corporation, O=Microsoft Corporation, L=Redmond, S=Washington, C=US","","2000.777.2143.0","2","Windows"
"84aadf1597854f921048beb4c5569263f303c3680ca1ef3b9397bd83cde8602c","Microsoft.MicrosoftEdge.Stable","CN=Microsoft Corporation, O=Microsoft Corporation, L=Redmond, S=Washington, C=US","","97.0.1072.62","2","Windows"
"85f355c3be3e48684340ad727c26d940ec3311d6060e7a1e8e8d2432b4667f00","Android Services Library","","","aml_ext_331814220","1","AndroidWorkProfile"
"2af325eade6def73f121b3f5175c92fbffcfe7461a361d9ae61d011c2b32bb2b","AdobeAcrobatDCCoreApp","CN=Adobe Inc., OU=Adobe Inc., O=Adobe Inc., L=San Jose, S=ca, C=US, SERIALNUMBER=2748129, OID.2.5.4.15=Private Organization, OID.1.3.6.1.4.1.311.60.2.1.2=Delaware, OID.1.3.6.1.4.1.311.60.2.1.3=US","","22.3.0.0","1","Windows"
"119143282afb9cb4d205806232f2ef300efe0f7ac73c28c5790284bfaa890a4e","Einstellungsvorschläge","","","13","1","AndroidWorkProfile"
"e13a3f2151e39da491a9a731a45075fdad9eb56f8d683af91fff59639e7b31df","Microsoft.VCLibs.120.00","CN=Microsoft Corporation, O=Microsoft Corporation, L=Redmond, S=Washington, C=US","","12.0.21005.1","1","Windows"
"d575c55cf86b13dbf61caa6d69b83da2ab63f7c1e5d721386902b23eb2ab8994","com.samsung.android.wifi.resources","","","1.0","1","AndroidWorkProfile"
"0859e4299739c7d11be64aa86ee10efd592a5ce95299d9bf31a7d3dabdea067b","ContainerService","","","13","1","AndroidWorkProfile"
"2779780e9ddec2fb8ab405654ac8b7765a67a3e2039f86d17316633f6f5b74b5","Microsoft.Xbox.TCUI","CN=Microsoft Corporation, O=Microsoft Corporation, L=Redmond, S=Washington, C=US","","1.24.10001.0","5","Windows"
"cbf466d5fa97e3b66b0db2b70e2d9556922cb28773b2593e90e385ea753f7de3","AASAservice","","","23","1","AndroidWorkProfile"
"f0f53b978fe066ead301cc2063f7e24b8d6bb27f6c10511b2db37a1a3cec0e71","Service provider location","","","3.0.00","1","AndroidWorkProfile"
"47420e9a9ce715eb677837286d840c817376f58c47fbed7c0826b4ba1ea37c94","Private Compute Services","","","1.0.release.557351462","1","AndroidWorkProfile"
"dc3bc7feb14321f4cb2c3d0c3684b35293579c363f886facf391b3eb5a4f1a13","Bookmark Provider","","","13","1","AndroidWorkProfile"
"5af9658cd2306990d93001011d5c46ca2507d2ed82e8dff8217b65b234bc1005","com.google.android.overlay.gmsconfig.photos","","","1.0","1","AndroidWorkProfile"
"e0dec658805d8862083a5b28524643f5a3f33c6bed71e87bc6ae62f515184d8c","Microsoft.YourPhone","CN=Microsoft Corporation, O=Microsoft Corporation, L=Redmond, S=Washington, C=US","","1.21113.36.0","1","Windows"
"d4ecc4d6735faa459590259f71ba2289ed666c1cb90e289fe8b0f4c389a7533f","Tool zur Datenwiederherstellung","","","1.0.486055334","1","AndroidWorkProfile"
"182387a39440eaa2284ca0b22548996c965290bf33ff087dab5e31a870486dc9","com.google.android.overlay.modules.permissioncontroller.forframework","","","1.0","1","AndroidWorkProfile"
"a403ae3ac9566a7121e96e63198852ba048f633ea8d52d2de905a23447b6d373","Microsoft.XboxIdentityProvider","CN=Microsoft Corporation, O=Microsoft Corporation, L=Redmond, S=Washington, C=US","","12.83.12001.0","3","Windows"
"95aa9b40206a9f203174cbae1c83bf65ccd1e81a5e18c949347f0943f0cf85f1","Hintergrundbild und Stil","","","2.3.51","1","AndroidWorkProfile"
"ff065e20b9771dc551d6eaaf6e6a49e36c6090e47ed8c088013f8e6db93151b6","TalkBack","","","13.5.02.8","1","AndroidWorkProfile"
"37957256b2057b130f0b12f50f008ceae3cd3e1765998b43359ac60ddb143135","SecureElementApplication","","","13","1","AndroidWorkProfile"
"2e0f3bf70d5c8f4f11344099a81c9dbfddc88921b6c8d33d95ceda38c1cc277f","DellInc.DellSupportAssistforPCs","CN=F005DA31-7CE1-4D3E-ABEE-08A4AFF4F592","","3.14.4.0","8","Windows"
"7c1f893d78e6856a8bd68e10e470c69034df023e8cf76416243c169525faa411","Kalenderspeicher","","","12.4.00.7","1","AndroidWorkProfile"
"e5e61a683ff7a0b7eb46594460d16bab0fdec0b3382d96184a802fff8636c611","Android-Einrichtung","","","233.485296332","1","AndroidWorkProfile"
"7ccca17f0ebe4480283264cefa5ca30e122ffc272ecff7069999470c029aa27f","Microsoft.UI.Xaml.2.0","CN=Microsoft Corporation, O=Microsoft Corporation, L=Redmond, S=Washington, C=US","","2.1810.18004.0","8","Windows"
"4271a4d84328a2dd896dca415e8b21441e4b2844fc1f99a7eb51577755ffc07e","Microsoft.VCLibs.140.00.UWPDesktop","CN=Microsoft Corporation, O=Microsoft Corporation, L=Redmond, S=Washington, C=US","","14.0.30704.0","7","Windows"
"7de1ab27d169ebdbdfe8c01da670938259071167da984c0966e5d852e2125e60","Microsoft.UI.Xaml.2.4","CN=Microsoft Corporation, O=Microsoft Corporation, L=Redmond, S=Washington, C=US","","2.42007.9001.0","8","Windows"
"141f3c3ad88106eb0a19c12d5a4d0d71222013e6953739348a61433aa75699df","Samsung-Bearbeitungsressourcen","","","2.4.11.0","1","AndroidWorkProfile"
"9818d06640f6d4142d2ed02a538fe6eace3a7a43f8ae37742830438ddcfd3b9c","SumeNNService","","","3.1.21","1","AndroidWorkProfile"
"a94044f0b46578cbfaf04dc799574a9f1a5b6bf1b0fb39b3d7caf1d0bb8cff4d","Microsoft.Todos","CN=Microsoft Corporation, O=Microsoft Corporation, L=Redmond, S=Washington, C=US","","2022.507.447.0","1","Windows"
"4e336557801c862827076fbcb013071614ab3c8727fefddac378a8b6999c653d","HTML-Anzeige","","","3.0.10","1","AndroidWorkProfile"
"9c1ddab7e17bf5d1b601b8b6d35b9bc7f8ddc54e928bb350a60109b750444077","Cell Broadcast Service","","","R-initial","1","AndroidWorkProfile"
"24d3c109a68f8e273dfd3fcc0918cb7c97fc3b5d78bc4c94e20620d9fdfb58e6","Microsoft.WindowsAppRuntime.1.2","CN=Microsoft Corporation, O=Microsoft Corporation, L=Redmond, S=Washington, C=US","","2000.802.31.0","5","Windows"
"15a543907aad971f0a8cbcd9794916d199eb2c5ef1042825203105f5ebe30eca","Microsoft.StorePurchaseApp","CN=Microsoft Corporation, O=Microsoft Corporation, L=Redmond, S=Washington, C=US","","22307.1401.6.0","5","Windows"
"917da84252921d07c66f9daa331b26020116e29047b07e91e00cb9d012d1f816","Microsoft.Microsoft3DViewer","CN=Microsoft Corporation, O=Microsoft Corporation, L=Redmond, S=Washington, C=US","","7.2306.12012.0","5","Windows"
"fde33f090cb2db226bfc43c894f94f6064431d45c06312834e3c9904707986db","Eingabegeräte","","","13","1","AndroidWorkProfile"
"75c44800bccce0e3b6f93d335abe1e0876942fdd06ba7b5e35547b45dc9f8376","Tools","","","14.2.08.0","1","AndroidWorkProfile"
"d39799be98bbb7c8b5fe4521b98797879a2fffdec99bb00f0dffce5703b348fa","Microsoft.OutlookForWindows","CN=Microsoft Corporation, O=Microsoft Corporation, L=Redmond, S=Washington, C=US","","1.2023.616.100","1","Windows"
"a7c695014e7e2b9247775fd6a160d4f7021fe9fc0b6a7e643e1e8ffe4216ac8a","Microsoft.VP9VideoExtensions","CN=Microsoft Corporation, O=Microsoft Corporation, L=Redmond, S=Washington, C=US","","1.0.61591.0","8","Windows"
"e266ba3c1a10854ef1877562c5e0d7d5e5e44abc69624cd0a68cc922d025dcaa","SamsungOne","","","2.1.02.0","1","AndroidWorkProfile"
"521dee3009d00a9736a53f893afd1d1cfafc45311ea604ba975891c4c687cc66","Gerätesicherheit","","","7.3.11","1","AndroidWorkProfile"
"70c5052738e90289d4984e82825b96af9a1c74676c5ffae596377aa7971a954b","Microsoft.LanguageExperiencePacken-GB","CN=Microsoft Corporation, O=Microsoft Corporation, L=Redmond, S=Washington, C=US","","21388.1.1.0","1","Windows"
"3f8101559b685e2fd3747ee8fdfa8903f6b69e33a35a61abc71a4f2c747c9d8c","Galaxy Resource Updater","","","1.2.04.0","1","AndroidWorkProfile"
"c42e02ebfd6e4c7b567e01e3bf6fc9da7226f2609c1f44976a9dfcb699dd6311","Microsoft.Wallet","CN=Microsoft Corporation, O=Microsoft Corporation, L=Redmond, S=Washington, C=US","","2.4.18324.0","7","Windows"
"710f8c75c1634f43891615f3016f7f6a92bf7a4d5296f1a404720a38e92090a4","XINGAG.XING","CN=C5C6B581-A94D-43F1-9B82-6745242D90FA","","4.0.9.0","6","Windows"
"207b417ce50304e306ddea884b3766be1bb4d85c808045ef52a082bbf28ea34a","Disney.37853FC22B2CE","CN=58DECE39-D5D0-4293-AAA0-9AF8484F12E2","","1.22.2.0","1","Windows"
"a9159196878ac5f00815122d5b60d832a16bed12279c808b1e53e7aa8ecabb34","Microsoft.StorePurchaseApp","CN=Microsoft Corporation, O=Microsoft Corporation, L=Redmond, S=Washington, C=US","","22305.1401.5.0","3","Windows"
"7f65cb5b65d08eac5546b2ff53642bde241c578889d99b3cdddc1633eb7c1631","Microsoft.WindowsNotepad","CN=Microsoft Corporation, O=Microsoft Corporation, L=Redmond, S=Washington, C=US","","11.2306.15.0","8","Windows"
"fc51fd8ccee4900911de065999e67068eca4fca0e14acc6be71c820e7df08abf","Microsoft.WindowsTerminal","CN=Microsoft Corporation, O=Microsoft Corporation, L=Redmond, S=Washington, C=US","","1.17.11461.0","6","Windows"
"7064a5eecd7e160c60c0c353994f4d079101ca8b50b4565df068fef5fa10f0fa","Microsoft.MicrosoftStickyNotes","CN=Microsoft Corporation, O=Microsoft Corporation, L=Redmond, S=Washington, C=US","","4.6.2.0","5","Windows"
"4b3be5df2c89e2cabac707e5228aa4adfd82fa4c0771fb24f2f0ef832d7fa0ec","Microsoft.BingNews","CN=Microsoft Corporation, O=Microsoft Corporation, L=Redmond, S=Washington, C=US","","4.55.62231.0","5","Windows"
"e344e3e420855f31b9a68e6f5d08b16ebc1f3eda4ebfaa206c82c397caa60cd9","com.samsung.android.networkstack.tethering.overlay","","","11","1","AndroidWorkProfile"
"ce0a7fc479d659f875b99ba0c52ca381493c982749bd9fb548fa45f06cc78468","Tonqualität und Effekte","","","13.0.34","1","AndroidWorkProfile"
"48f804865db3c49b8e0ecccbef9cd43f93e6d59b50fbd779d626451b69103d46","Apps","","","14.1.18.0","1","AndroidWorkProfile"
"f243d2d50cacbdafdeef7beb6f2921b3e382c86911e3d636e9748c7c508173de","Microsoft.BingWeather","CN=Microsoft Corporation, O=Microsoft Corporation, L=Redmond, S=Washington, C=US","","4.53.51922.0","8","Windows"
"43c927237b980e77cab205c12f767c454bff2d8ad0613d592a587594fafeb0d0","com.google.android.sdksandbox","","","T-initial","1","AndroidWorkProfile"
"6dd4bd619d227f03f7c57f990e9e7ee9f12fd906f2cd4358728458da1cf8c021","Microsoft.PowerAutomateDesktop","CN=Microsoft Corporation, O=Microsoft Corporation, L=Redmond, S=Washington, C=US","","2022.507.446.0","1","Windows"
"f68536c27cf7008725b933003c15fca81f12f002c2973946dc8408f82aabee42","com.android.backupconfirm","","","13","1","AndroidWorkProfile"
"0000a17a34df89cc526b8653fbec943e56f10000ffff","Intel(R) Dynamic Tuning","","","8.7.10600.20700","1","Windows"
"00005cfc872ea210a85521ebf62ceef75cb500000904","Dell Power Manager Service","","","3.11.0","1","Windows"
"000007defa2ff2c37b645f7f7251eaeaaae800000904","Dell Optimizer Service","","","2.0.753.0","1","Windows"
"00008a8c9293ebc09602d4a05caafefbe11f00000904","WhatsApp (Outdated)","","","2.2326.8","1","Windows"
"00007579bd23827d79e1a234460072cf68690000ffff","Microsoft OneDrive","","","23.169.0813.0001","1","Windows"
"0000a01f60c3e3c2bc2daef23335ce35363500000904","Asian Language And Spelling Dictionaries Support For Adobe Acrobat Reader","","","22.001.20085","2","Windows"
"0000f4d999e04f925f290a9935273849c7b400000704","Windows-PC-Integritätsprüfung","","","3.3.2110.22002","5","Windows"
"00000dd527f302b290dfa0cddd4e65a6e02900000904","WhatsApp","","","2.2214.12","1","Windows"
"00007658464d595d4a36d7f00513eb93ef7300000704","Realtek Audio Driver","","","6.0.9363.1","2","Windows"
"0000efc192dd07ab1689a181331103920ba70000ffff","Microsoft 365 Apps for Business - de-de","","","16.0.16731.20094","1","Windows"
"0000a0554fc614b1f3d8c985ff33e27698f60000ffff","pcvisit RemoteHost","","","23.8.18.1453","1","Windows"
"00000e7c7601f94655bb1db3a0f00b2a31fa00000904","Windows Subsystem for Linux WSLg Preview","","","1.0.27","1","Windows"
"0000d374f71cad9de81f22807d37be072ebb00000000","ExpressConnect Drivers & Services","","","4.1022.1025","1","Windows"
"0000a2df8f0824e780898fc9c740612b5f0a00000904","Dell Digital Delivery Services","","","5.0.71.0","1","Windows"
"00008f718a8dac2f169d60c362184294df2d00000704","gs_x64","","","10.01.1","3","Windows"
"00006ee677d0d192977693930e67c9bc9daa0000ffff","Microsoft Visual C++ 2015-2019 Redistributable (x64) - 14.23.27820","","","14.23.27820.0","3","Windows"
"0000711e471311256b767312386e0ce130360000ffff","Microsoft Visual C++ 2012 Redistributable (x86) - 11.0.61030","","","11.0.61030.0","1","Windows"
"00000c2dcf926ac100b8d47e1acbc06221250000ffff","Microsoft 365 Apps for business - it-it","","","16.0.16731.20094","1","Windows"
"0000fc69c83590e36be8f3bfc5ed30654e6600000704","GloboFleet CC Plus","","","2.12.0","1","Windows"
"0000b15b89b48e2d5680faac552ce7efeb4700000904","Dell Command | Update for Windows Universal","","","4.6.0","1","Windows"
"000090b57ca4d9e093a5e49a1f7e571b4d070000ffff","TeamViewer","","","15.40.8","1","Windows"
"0000e8ad0b9b54b23589866168d57506db5900000000","ExpressConnect Drivers & Services","","","3.1222.1025","1","Windows"
"0000079581430c2913cc97c29f1cb94ac22f0000ffff","Microsoft Visual C++ 2015-2022 Redistributable (x64) - 14.32.31326","","","14.32.31326.0","1","Windows"
"0000b7ef5e9c966717e6a1e282bd20cc6d760000ffff","Microsoft 365-apps voor bedrijven - nl-nl","","","16.0.16529.20226","6","Windows"
"0000309aacf735e65ef3867bc02c2e6cff3e0000ffff","Microsoft Visual C++ 2015-2022 Redistributable (x64) - 14.32.31332","","","14.32.31332.0","3","Windows"
"0000d7820ba687c0127115d80fc7b2edd0140000ffff","Aplicaciones de Microsoft 365 para empresas - es-es","","","16.0.16731.20094","1","Windows"
"00009a9e5eeb93ee5b5e56b3e4c9713d6c3700000904","Dell Power Manager Service","","","3.10.0","3","Windows"
"0000af157bcf07b86c88ed56ab5177af8f2d0000ffff","Dell SupportAssist Remediation","","","5.5.7.18773","1","Windows"
"000030e6c08fd7828e0e5e532186cd1949e50000ffff","Microsoft Edge","","","116.0.1938.62","6","Windows"
"000069fc57ef0b3ee0cf70dc5f5708ef9ef40000ffff","Microsoft 365 Apps for business - en-us","","","16.0.16529.20226","6","Windows"
"00006ce049d88ca29e50a8b049d6f57e633300000000","WinRAR 6.10 (64-Bit)","","","6.10.0","1","Windows"
"0000dc22ec5b0b16bfb13f0e99bedb325f600000ffff","TeamViewer","","","15.41.9","1","Windows"
"00007523254627041588bb352374197874fc0000ffff","Microsoft Visual C++ 2015-2022 Redistributable (x86) - 14.32.31326","","","14.32.31326.0","1","Windows"
"0000a8571596f0d284d93f5c20946e72f4f600000904","Teams Machine-Wide Installer","","","1.5.0.30767","1","Windows"
"0000a668ea4b3e2f722eea3eac6289b4f8680000ffff","Microsoft Edge Update","","","1.3.177.11","7","Windows"
"00002d9afb36b16c0625f692b14281d99e5b0000ffff","Microsoft 365 Apps for enterprise - en-us","","","16.0.16529.20226","3","Windows"
"00007c1340aab80b891820f105715ab421f600000904","Microsoft Intune Management Extension","","","1.69.111.0","7","Windows"
"000011cb6825abb6ccb10cd36d6267d4076f0000ffff","Microsoft Visual C++ 2015-2022 Redistributable (x86) - 14.32.31332","","","14.32.31332.0","3","Windows"
"00000b48ed0c0b5d3bb367654d94a984e9c20000ffff","Google Chrome","","","116.0.5845.111","7","Windows"
"00008c739e2b6f5d34b628441c24271e8b2700000704","Adobe Acrobat Reader - Deutsch","","","23.003.20284","1","Windows"
"000055879b1ecbdfa3030e605ea348de09ef00000704","Adobe Acrobat (64-bit)","","","23.003.20284","6","Windows"
"0000ce61b6cfcaa680918599d75a3758f9840000ffff","Adobe Genuine Service","","","8.3.0.49","2","Windows"
"00008a406542b57ff471f82621fde32e78bd0000ffff","Microsoft Edge WebView2-Laufzeit","","","116.0.1938.62","2","Windows"
"0000b5609dff52a332a27fcfe361e89305dd00000704","PDF-XChange Editor","","","9.2.359.0","6","Windows"
"0000a36e62d52bff5b1a012e9b5a3d788c2000000000","Microsoft Visual C++ 2010  x86 Redistributable - 10.0.40219","","","10.0.40219","1","Windows"
"00004f79ceb5c858094c87ca4e95d4bd0c9f00000904","PDF24 Creator","","","10.7.1","1","Windows"
"000037a4b98c187ac775476aea940625451500000904","Dell Display Manager 2.0","","","2.0.0.139","1","Windows"
"0000fbe3011478a5ebefa2fd8a52cedcaca60000ffff","Microsoft 365 Apps for Business - de-de","","","16.0.16529.20226","6","Windows"
"000036616545bd3080273b4b931ca1a57bc900000904","Dell Optimizer Core","","","4.0.201.0","2","Windows"
"0000def491283d1d8728d93688c09e74a0310000ffff","Aplikacje Microsoft 365 dla przedsiębiorstw - pl-pl","","","16.0.16529.20226","3","Windows"
"000009611829f94e10b1992873f6970638a500000904","eDocPrintPro","","","5.7.0","3","Windows"
"00006941b7a4b9402af5e298e3f8517521d800000000","Microsoft Visual C++ 2010  x64 Redistributable - 10.0.40219","","","10.0.40219","1","Windows"
"0000dcabc765ce3195a6aaffd60990338b390000ffff","WebAdvisor von McAfee","","","4.1.1.831","1","Windows"
"0000a9e48d524e34fb9b37c0e6db372ae45b0000ffff","Microsoft Visual C++ 2012 Redistributable (x64) - 11.0.61030","","","11.0.61030.0","1","Windows"
"0000b577616b4a73c4ae1a4ff7b14c1e30da00000904","Dell SupportAssist","","","3.14.0.91","7","Windows"
"000076428755e6976dff78961545935ff46d0000ffff","Microsoft 365 Apps for Enterprise - de-de","","","16.0.16731.20094","1","Windows"
"00004cbd4d5da9738d0ec5ea2d8c48cca1310000ffff","Adobe Creative Cloud","","","5.11.0.522.1","1","Windows"
"0000cac5dc72a8e7c4cc05e91a7979ed87da00000904","Dell Optimizer Service","","","3.2.212.0","1","Windows"
"000000b83c616d56d7edaade447086b985d20000ffff","Microsoft 365 Apps for business - it-it","","","16.0.16529.20226","6","Windows"
"00003358ecd1a8589893ada1ceb3c6daabf500000904","Teams Machine-Wide Installer","","","1.4.0.4167","1","Windows"
"0000818092bb2fcc8afbb736c23bc90ed03c0000ffff","Windows 11-Installationsassistent","","","1.4.19041.1401","5","Windows"
"0000d61d796e8189b02944a790585ba40b4f00000904","Google Earth Pro","","","7.3.6.9345","1","Windows"
"0000e4c5a34aa645da69bd08ffe0129bdcd10000ffff","Microsoft .NET Runtime - 6.0.21 (x64)","","","6.0.21.32713","7","Windows"
"00005cfe2ff8ce9760bba091c411b03fab140000ffff","Microsoft Windows Desktop Runtime - 5.0.17 (x64)","","","5.0.17.31219","4","Windows"
"00007c7dd2aa35e89d424ef7ddaca604f7510000ffff","Dell Peripheral Manager","","","1.6.1","1","Windows"
"0000e9298fccb4ce68be360709fbbd9c59c50000ffff","Microsoft 365-apps voor bedrijven - nl-nl","","","16.0.16731.20094","1","Windows"
"0000c97cc89f3d1bf30b8d96d2fdafbf853b00000904","Microsoft Teams","","","1.6.00.22904","1","Windows"
"000002303358dcfc16e9bfc2afe1812fcff900000904","Dell Optimizer Service","","","3.1.175.0","1","Windows"
"0000d76f4b2cc9670ead370350a083271c3c00000704","PDF-XChange Editor","","","9.5.366.0","1","Windows"
"0000b956264a71e7941ede2c657e79fa16c30000ffff","Microsoft Edge","","","116.0.1938.54","1","Windows"
"00008497ecaf7167eceaa2722dfad1f60bb100000904","Realtek Audio Driver","","","6.0.9126.1","1","Windows"
"00005297ba09422f9cda4e25755a7decfdba00000904","Microsoft Teams","","","1.6.00.22378","4","Windows"
"0000396fef0b6fde6cde0f5e36fff7b933cb0000ffff","Microsoft 365 Apps for business - fr-fr","","","16.0.16529.20226","6","Windows"
"0000761c37d66992f469335f41e5acaa20580000ffff","Microsoft .NET Runtime - 5.0.17 (x64)","","","5.0.17.31213","5","Windows"
"0000cf99ab47e321fe9228885529b8248c360000ffff","Microsoft OneDrive","","","23.171.0815.0001","3","Windows"
"0000e29c312140a260b7947c6feeec24a1000000ffff","Microsoft Visual C++ 2013 Redistributable (x64) - 12.0.40664","","","12.0.40664.0","1","Windows"
"0000969fbe3ea7c0470836ab0cc8c14a86960000ffff","Microsoft Visual C++ 2015-2019 Redistributable (x86) - 14.29.30133","","","14.29.30133.0","1","Windows"
"0000263c7b1f8264143ad3f2a74286eb0cf300000704","STARFACE v7.3.1.178","","","7.3.1178","3","Windows"
"0000ffda77fffc51be7cb463130b242016c20000ffff","PCSX2 - Playstation 2 Emulator","","","1.6.0","1","Windows"
"0000bd00c3d85f0f79fd04e5216ebfd414a600000904","Microsoft Teams","","","1.6.00.1381","1","Windows"
"00004fff185ffb09b60999302534fbdb620000000000","Windows Subsystem for Linux Update","","","5.10.102.1","1","Windows"
"000068b6f7dc46daa11cdefb5e1f3e8ca6360000ffff","Dell Peripheral Manager","","","1.6.3","2","Windows"
"0000cdd899e37f01a3ddfae821c45a33ca2200000704","Dell Display Manager 2.0","","","2.0.0.137","1","Windows"
"0000738d2126c7d0831743ec3428679560fe0000ffff","TeamViewer","","","15.44.7","1","Windows"
"0000c874833efa2e924165c400ff25c9f2f70000ffff","Microsoft 365 Apps for business - en-us","","","16.0.16731.20094","1","Windows"
"0000be47683f3c759f4e34a1c79d66efe98400000704","Windows-PC-Integritätsprüfung","","","3.2.2110.14001","1","Windows"
"0000883df5b83131c2e1b7be52a10c04a8160000ffff","Aplicaciones de Microsoft 365 para empresas - es-es","","","16.0.16529.20226","3","Windows"
"0000b582968e4e1408c676add861c9d7b58400000904","eDocPrintPro","","","4.1.1","3","Windows"
"0000901e256114291f83fc9521a16095f6b60000ffff","Zoom","","","5.12.2 (9281)","1","Windows"
"0000004c570f1d643b3d8cfb68f5e4e5c91300000704","STARFACE v7.1.1.129","","","7.1.1129","2","Windows"
"0000ef3e4ec43ea6cef3a8e95fff9b53614700000000","Dell Mobile Connect Driver","","","4.1.7498","1","Windows"
"0000ee93b66248c7f9be3ed6f44a5adb627b00000000","Adobe Acrobat","","","23.003.20284","1","Windows"
"00001d37e8fc73589bcc67a7103c734c73230000ffff","Intel® Integrated Sensor Solution","","","3.10.100.4446","4","Windows"
"00009f262e2790ee4e1e306559ab1adff23f00000904","Dell Digital Delivery Services","","","5.0.64.0","6","Windows"
"000004b9a95ca5ae87d53162bff356bb394100000904","Nefarius Virtual Gamepad Emulation Bus Driver","","","1.17.333.0","1","Windows"
"00000d51098a4a36de7dd33a4c18c53ab3780000ffff","Intel(R) Management Engine Components","","","2229.3.16.0","1","Windows"
"0000bad611de666b695cdd0a274e934291000000ffff","Intel(R) Management Engine Components","","","2117.15.0.2272","5","Windows"
"0000050b16239beae1fa772b047ecccda4b500000000","ExpressConnect Drivers & Services","","","2.0.173","2","Windows"
"00006a9b618de20030d495a432ecea95bb6d0000ffff","Microsoft .NET Runtime - 5.0.16 (x64)","","","5.0.16.31117","1","Windows"
"0000b378a43d185c7cc2ad0d13cccd2c618100000904","Dell Update for Windows Universal","","","5.0.0","1","Windows"
"0000d97b591bfa4ab4ed480312e187acb2b20000ffff","TeamViewer","","","15.33.7","1","Windows"
"0000f274b1bdae4e3d57ffa340b4aca9533500000904","Teams Machine-Wide Installer","","","1.4.0.22976","5","Windows"
"00001e77fdde01306a1da1e834bf02151a430000ffff","Microsoft Visual C++ 2013 Redistributable (x86) - 12.0.40664","","","12.0.40664.0","1","Windows"
"0000a316dc89c00158693f8a37c0662d63490000ffff","Microsoft Edge WebView2-Laufzeit","","","115.0.1901.203","5","Windows"
"00002d04d726ecb9ec7c166de7fffe6a28500000ffff","Panda Adaptive Defense 360","","","8.0.21","7","Windows"
"0000542cc4a30c1838b534fdbe7ad27bcd6800000904","Dell Command | Update for Windows Universal","","","4.4.0","2","Windows"
"0000ddec1fbbd835194c3ecdac34af554ebf0000ffff","Aplikacje Microsoft 365 dla przedsiębiorstw - pl-pl","","","16.0.16731.20094","1","Windows"
"0000e1fcad2f10752d832c409cb9d98cf74100000704","Qualcomm 11ac Wireless LAN&Bluetooth Installer","","","11.0.0.10527","1","Windows"
"000021b6f0fad88a75351a54c8eabc2fd70200000704","Realtek Audio Driver","","","6.0.9247.1","2","Windows"
"0000a6de6fdbfc0d850ba0567941a2f611810000ffff","Sicherheitspaket compact","","","7.3.102.22258","2","Windows"
"0000893f7b9d6b8cdb0a7b845f3a1734396a00000904","Dell Command | Update for Windows Universal","","","4.8.0","3","Windows"
"00001c1874f653a16492e9b2e066ec5833f900000704","Realtek Audio Driver","","","6.0.9268.1","1","Windows"
"000097c481a2878c556d746e388862aa8ead0000ffff","Microsoft OneDrive","","","23.158.0730.0001","2","Windows"
"000037a4b98c187ac775476aea940625451500000704","Dell Display Manager 2.0","","","2.0.0.139","1","Windows"
"0000dbb37d02198ab1e0e8e99d623276702600000904","Dell Power Manager Service","","","3.13.0","2","Windows"
"0000d7c2e93a9ae7662896dcdab083bf9c8f0000ffff","Microsoft Visual C++ 2015-2019 Redistributable (x64) - 14.29.30133","","","14.29.30133.0","1","Windows"
"0000bc2cf18e082fc9e1218e49d8abe506ff00000704","STARFACE v7.1.1.132","","","7.1.1132","1","Windows"
"000054a17c9e5093a8bff75a79a1d7413c9f00000704","Dell Core Services","","","1.0.248.0","2","Windows"
"0000ec384b767bab79cb304f671060fca72c0000ffff","Aplikacje Microsoft 365 dla firm - pl-pl","","","16.0.16731.20094","1","Windows"
"0000fd1827d94a85ce81d02e40e8eab901be00000000","ExpressConnect Drivers & Services","","","3.1122.309","1","Windows"
"000055c8fb3b9503a9d75ce42bba14d7ff780000ffff","Microsoft 365 Apps for business - fr-fr","","","16.0.16731.20094","1","Windows"
"00004ae11756ea101e2d2fdce5bc3b9512f900000904","PDF24 Creator","","","11.10.1","1","Windows"
"0000d39d197e6647d06f74750361d420684100000000","Dell ControlVault Host Components Installer 64 bit","","","5.9.8.17","1","Windows"
"0000cd7691f40d484c412be2311ead5ce3d60000ffff","Fusion Service","","","1.0.0.172","1","Windows"
"000099a79ef260c7668c03d077d9da04f4990000ffff","Dell SupportAssist Remediation","","","5.5.5.16458","5","Windows"
"00007bd27c579e440965926d3679fd2f98ae0000ffff","Support- und Wiederherstellungs-Assistent von Microsoft","","","17.0.9842.5","1","Windows"
"00003942b4a5b0d77eaf8e5449c4887179bc0000ffff","7-Zip 21.07 (x64)","","","21.07","1","Windows"
"0000ec5b9d54b1ac9064323715c0ed0778c60000ffff","Intel(R) Management Engine Components","","","2141.15.0.2511","1","Windows"
"0000b82c8fc0225b012b252c8982a4635ee50000ffff","Dell SupportAssist OS Recovery Plugin for Dell Update","","","5.5.5.16206","6","Windows"
"000023b2877b8f377172fd002907a1ebacda00000000","Dell ControlVault Host Components Installer 64 bit","","","5.7.21.28","3","Windows"
"0000753162be2e4c3c013289ddd7d0603f760000ffff","Panda Endpoint Agent","","","1.20.00.0000","7","Windows"
"0000c736137c04c68d64047a27b4f9ad82130000ffff","Microsoft 365 Apps for Enterprise - de-de","","","16.0.16529.20226","3","Windows"
"000099b8eaac4e2ddf00d8e46d8a6386390b0000ffff","Spotify","","","1.2.18.999.g9b38fc27","1","Windows"
"0000e22d0d11970230268f8653325e3f15890000ffff","Dell SupportAssist OS Recovery Plugin for Dell Update","","","5.5.7.18773","1","Windows"
"00006ce6d2011113fe36e575541c582f61430000ffff","Dell SupportAssist Remediation","","","5.5.5.16206","1","Windows"
"0000cebd1b1a02644efea1489fc7483e5da30000ffff","Microsoft OneDrive","","","23.174.0820.0003","1","Windows"
"000046fc5bef8f3e1aa7dc4394fff372b23800000904","Microsoft Teams","","","1.6.00.376","1","Windows"
"0000c8f036b98d70cb30fc8b5eef06ba82a900000904","PDF24 Creator","","","10.7.0","5","Windows"
"0000dbc6012f091e7cb31384d1a523cd48220000ffff","GPL Ghostscript","","","9.50","6","Windows"
"0000d5622e84e381bfc6b54e02670dbc895100000000","Microsoft Update Health Tools","","","5.70.0.0","7","Windows"
"00000fec984e8b9a71d38f753abd30cd519f0000ffff","Microsoft 365 Apps for enterprise - en-us","","","16.0.16731.20094","1","Windows"
"0000bd1a3f93aef1aa52777296e06787d78a0000ffff","Microsoft Windows Desktop Runtime - 6.0.21 (x64)","","","6.0.21.32717","2","Windows"
"2d559502905e2e7bfefccc46e62a9e9b4946876597fc96d99ea6ac657abdd4df","Crocro und Freunde","","","4.1.13","1","AndroidWorkProfile"
"15563fb72b36b7ca5b01c148b6a75b8ebf31dc27bc4f5247d985fb170a0993ba","Microsoft.WindowsCamera","CN=Microsoft Corporation, O=Microsoft Corporation, L=Redmond, S=Washington, C=US","","2022.2305.4.0","1","Windows"
"135106a47a7bac89ba13ba0fa9f1dc083c5c75bd12b0d0d5fdffda510e103396","Microsoft.People","CN=Microsoft Corporation, O=Microsoft Corporation, L=Redmond, S=Washington, C=US","","2021.2202.31.0","1","Windows"
"2494b9cfee8f3370340f8fcae7eddeda67c4231390d82875b02b2a8373c7bf91","CACertApp","","","1.0","1","AndroidWorkProfile"
"b1607d72e6897e2f17d8a948cf9b2d297e1b39640d5dec602c010d287aa0c146","ClipboardSaveService","","","2.0","1","AndroidWorkProfile"
"85025491e85bc1178e98f7ec78ff07a02d5e71391016a230441bbf063d1c292f","KnoxVpnPacProcessor","","","13","1","AndroidWorkProfile"
"731f2b9afdf6b2e231db9088865a275112f423115d334b29ed7394ec1c203812","Telefonanrufe","","","13","1","AndroidWorkProfile"
"77a5b295516fbb89d69c8c8f0e76ab2381749b954b28e5b44bcb14f1f784cf89","System Helper Service","","","1.0","1","AndroidWorkProfile"
"4d63867a1e02f85ef9f61bb1edab585ec226d23397cb245696e23dd055411eb3","Automatisch zeichnen","","","3.2.21.0","1","AndroidWorkProfile"
"46ce600f981531f565d1edca0b048b9aff04331a3b3ed40417fd9c17e29182a0","Microsoft.DesktopAppInstaller","CN=Microsoft Corporation, O=Microsoft Corporation, L=Redmond, S=Washington, C=US","","1.20.1881.0","1","Windows"
"c863d16886de895e99b40482443f8aa1f61b93b6bc909ff9a7dded64d0a2f3a6","Medien","","","13-10111138","1","AndroidWorkProfile"
"21c1189c18d065f5786e1202929ba6b99628d8019eeb5fe3acad1d4341f2fcf1","Anruf","","","14.1.01.60","1","AndroidWorkProfile"
"57b976fcbdc742386b4862318cb23007cf3d24d5485677bf98046246612c9e5a","Microsoft.OneDriveSync","CN=Microsoft Corporation, O=Microsoft Corporation, L=Redmond, S=Washington, C=US","","21220.1024.5.0","2","Windows"
"32e39228ba3cc8485818e5e8da4fb5797b2b910bf49add9e2a5478cac667bf66","DellInc.DellCustomerConnect","CN=F005DA31-7CE1-4D3E-ABEE-08A4AFF4F592","","5.4.9.0","1","Windows"
"576ae95e3876b6ade151ad2a147afd25546d2ba892c4e50f4c0cac24b5b3ae21","com.android.cts.ctsshim","","","13-8572644","1","AndroidWorkProfile"
"e375c91042b8bee4d4fa551824f281f43846772b4fa3d8ec8ee65ec73943a463","Microsoft.BingNews","CN=Microsoft Corporation, O=Microsoft Corporation, L=Redmond, S=Washington, C=US","","4.8.11001.0","1","Windows"
"c4661ce137207a016d1eaffd012f619f58aed94062b7a5ed8046defdf230f1b4","Editor Lite","","","4.0.51.16","1","AndroidWorkProfile"
"ab8dfb80fa34443e45e3c36eb42259d921e8bed6e98bec881aa7784f21266040","BrightnessBNR","","","13","1","AndroidWorkProfile"
"1447da8289773ce626e06d7aefab6bf826507e4b2f94e8808bfdf824bbc9467e","Print Service Recommendation Service","","","1.3.0","1","AndroidWorkProfile"
"f0debadfd72d5c5878f9b88a989131dd256d3a2d726385102bcec8c4ccb2bf50","Kombinierte Standortbest.","","","13","1","AndroidWorkProfile"
"720fb3973944c669224ee1e5a4f24a34add1cc5ebd834c4c779d11e00f2d351e","WLAN-Tipps","","","1.7.00.122","1","AndroidWorkProfile"
"7a0ca89f81d2664394fdd49b6c3304510a1c201297e7d9d814282a49ca071ddb","com.google.android.overlay.modules.captiveportallogin.forframework","","","1.0","1","AndroidWorkProfile"
"de2ea3b9ed94598aa358ccf89c5a006ae18c7b013f83a06139fbe76bb711ce84","PhotoRemasterService","","","5.1.00.47","1","AndroidWorkProfile"
"434eaa355714f785d3ee131ac48acafa8d95c7de33afe54f4788a158f9454b6f","Microsoft.YourPhone","CN=Microsoft Corporation, O=Microsoft Corporation, L=Redmond, S=Washington, C=US","","1.21111.123.0","1","Windows"
"21297c697335ecf900e9ae89acb6d61dfc08b68f4f87bbf155c1004c83511e4c","com.samsung.ucs.agent.ese","","","13","1","AndroidWorkProfile"
"5b05c284d4f29acf16e4e0c5dd444edf6f5bd8c9dd6e062b48f3420139f40cd9","Android Shared Library","","","1","1","AndroidWorkProfile"
"561a8736695f9bccf0943125399313487a9cd59d3ab9fdd35443bb14e70c501c","OsuLogin","","","13","1","AndroidWorkProfile"
"b4979776b858f3ce01ac3281901f33476dfb3a4b9af01d8642c3f76ef8225ba5","Microsoft.BingNews","CN=Microsoft Corporation, O=Microsoft Corporation, L=Redmond, S=Washington, C=US","","1.0.6.0","1","Windows"
"548bc751f5cbfe7e1928218d52cc616b1d0dcd80893d808850e6f62d3097bc7a","Key Chain","","","13","1","AndroidWorkProfile"
"74ce96476a455977275ed637342ac93e4f29d31ceb52dfeddc016bcf86422b82","Google-Standortverlauf","","","1.2","1","AndroidWorkProfile"
"7be845a83f5580ea075d6852537a847f2b1c0e1b991f14fed757d1789a1b917c","android.auto_generated_rro_product__","","","1.0","1","AndroidWorkProfile"
"69b5c041d662c18909a6bd2896637659bdf6856b0a819f264ae400d11d44e443","com.google.android.overlay.modules.modulemetadata.forframework","","","1.0","1","AndroidWorkProfile"
"2de102f6d54673f8e761396eff263214937f7f1f9d85835a7f8edf3310f437e2","DiagMonAgent","","","9.1.05","1","AndroidWorkProfile"
"7e08adec80d33cd6c1740790080a7fa340b61cf6bb3fe7fc74925089c53059d0","DellInc.DellOptimizer","CN=F005DA31-7CE1-4D3E-ABEE-08A4AFF4F592","","2.0.753.0","2","Windows"
"691d00f82549c85cfedf5517b6eaf2df2fe7fb07f1c542eef215b964919c90ae","WcmUrlsNetworkStackOverlay","","","13","1","AndroidWorkProfile"
"c5f62483a063aba0872f3ba5fbc06976fa8a66dfb30e1c6e210e565b1bd81a01","SAMSUNGELECTRONICSCO.LTD.SamsungPrinterExperience","CN=520D4CDF-A287-4423-AB88-D88CCF7E866D","","1.3.15.0","1","Windows"
"f6c1fe2d47ee95c7fbfa1a29dbe91e3811c3e8eb888b9c97bfc3936c00521dfe","ConnectivityOverlay","","","11","1","AndroidWorkProfile"
"1bb12fed6655600774520fe79cfadf6160cd25afb66e80ba368d106a405cf98b","Samsung-Tastatur","","","5.6.10.31","1","AndroidWorkProfile"
"d6169a394b5dcfd16609b1ec0fcf1775b90b48e94b3cbae2679b14496cd518da","FaceService","","","8.1.13","1","AndroidWorkProfile"
"5dcd5755d7e9a806da42048b76c2eb8a7967667133a7a3379529c9f9022ecd04","Microsoft.WindowsAppRuntime.1.3","CN=Microsoft Corporation, O=Microsoft Corporation, L=Redmond, S=Washington, C=US","","3000.882.2207.0","1","Windows"
"6f57c54316af4d29f5f080d6e882be571ab463219620f337e888248d1ab63e59","Microsoft.MicrosoftStickyNotes","CN=Microsoft Corporation, O=Microsoft Corporation, L=Redmond, S=Washington, C=US","","4.6.0.0","3","Windows"
"5cc5fba0c9902e5ece35dfd98e7011baa236c0d175ad832303d79fc6810ef708","Main components","","","2023-07-01 S+","1","AndroidWorkProfile"
"6be3d8569f291ec91e5ee8f7ae2f6aa948ea218da995719c18373de4d3f0fc2b","Smart Switch Agent","","","2.0.00.18","1","AndroidWorkProfile"
"91a96f4f4828b93eda3da9172ecb6083ceab56c720e063ca7f6c0bba71c9e6b5","Oberfläche","","","13","1","AndroidWorkProfile"
"768ca1534e1e0da0dfe32a45766e4e6f052714db1d73b92fcc919222dac11a7d","Ablaufverfolgung","","","1.0","1","AndroidWorkProfile"
"1352dd44d35a167c6ab186972a9e2afd8e9b6bfd805dbfd3abcf1de3387919fb","com.android.ons","","","13","1","AndroidWorkProfile"
"40082da1b389ac0294a9b83fb5230c92d3f9be7d4c2c7757d8f234a4c6c015d4","com.samsung.android.wallpaper.res","","","13","1","AndroidWorkProfile"
"74ed2d3ec217db568d4fa8dfc9d503a1747ab61b223a484f22e476ffa18d9715","Google Sicherheitscenter-Ressourcen","","","33 system image","1","AndroidWorkProfile"
"b7e19fe5e70571d2ee52d72370882d44df5240e7c6c710b3be2657ad398e4dd8","Dsms","","","2.0.15","1","AndroidWorkProfile"
"367d47f7449c692888a5c37e442235733bd590de1610f1005321db1da40b2778","com.android.cts.priv.ctsshim","","","13-8572644","1","AndroidWorkProfile"
"a7eace29a5631551726cf904ffb494ab4cb6969aafbbe7dcb40177dd49c523b7","Gruppenfreigabe","","","13.1.12.3","1","AndroidWorkProfile"
"cf7496420d5506571e245d6fb1eb1555aaf376bba272c58b066d8d2b74718170","com.google.android.overlay.modules.documentsui","","","1.0","1","AndroidWorkProfile"
"ba5367ce94a1c7ec8835759aba5064a2ab1ee451b187ec02972eba46cdb254d3","Microsoft.PowerAutomateDesktop","CN=Microsoft Corporation, O=Microsoft Corporation, L=Redmond, S=Washington, C=US","","1.0.555.0","1","Windows"
"2aae4bc02107c19dc5239582a6d4b3e84c640e1ac3d5fdede8679895e07ce0fe","Downloads","","","13","1","AndroidWorkProfile"
"1566f665d9fe77d16760f2c805799410e2112cbbf0099c3b3580736c441f11a8","Microsoft.Getstarted","CN=Microsoft Corporation, O=Microsoft Corporation, L=Redmond, S=Washington, C=US","","2021.2306.0.0","1","Windows"
"bd3cb26ffba3ee79ee6243a7349defc1984f6ff6655462a52d018819a6ec04a2","Speicher für blockierte Nummern","","","13","1","AndroidWorkProfile"
"2973e1d443e31318065b6576b13bff666e355338cc203c61ad47464fa7ed2fd2","VolumeMonitorProvider","","","13.0.05","1","AndroidWorkProfile"
"ceafe1f1bb9fd14ac00eb57ace54c9eaf13509351cce3f842904a39ebc383557","com.samsung.android.wifi.p2paware.resources","","","1.0","1","AndroidWorkProfile"
"a1210b8990e86cba4624f898a6252c25d694dca165c3d3d43d0fbd6c2963e01c","ConfigAPK","","","1003","1","AndroidWorkProfile"
"338d133c1591cdd168f71c87bc6bf4b1e07362a1e80eaf2ae610320adf213e9e","TetheringAutomation","","","2.0.1","1","AndroidWorkProfile"
"eb1853559bb03b96dc474a114a4374acb2b5a5128a2d0e307d8535210f1ba328","Einstellungen","","","13","1","AndroidWorkProfile"
"53cafd1ba3d7bfa895e3c2b296a7913af07021013b2270a25d7ac36d44f9c491","iaft","","","1.1","1","AndroidWorkProfile"
"ead14063fc5a3c6f9a8262aeb453c7c4846921a87d8be1f0ff140959af866911","Microsoft.WindowsFeedbackHub","CN=Microsoft Corporation, O=Microsoft Corporation, L=Redmond, S=Washington, C=US","","2023.504.1552.0","1","Windows"
"e9f5c786bc863ece531b70acdbbbd02a7c6f0bb9d71f6a3fa5e4bc20c042ee79","WavesAudio.MaxxAudioProforDell2020","CN=301D3577-3436-422A-B01E-1170ED4BB3DE","","3.0.98.0","2","Windows"
"8bff32335a866674862bc37fadd582becfce6b79efdf1bd2743aae219dd375ad","Samsung Core Services","","","2.1.00.36","1","AndroidWorkProfile"
"2e988c3547aef011157c115aa08d81ee3a8427f1e0f48dbc5799558e5316a706","IPService","","","8.1.29","1","AndroidWorkProfile"
"ae99bb0d1f0ad6add72f9f94089f100772c143265e7cfc4d7ceae8df699e28a2","Google Kalender-Synchronisierung","","","2022.30.2-463576837-release","1","AndroidWorkProfile"
"a1903365e6ceb7d93c8bea15e0c3ebdbcd830f7d62492c15f8dd2a654c4236a5","Dynamic System Updates","","","13","1","AndroidWorkProfile"
"886baa6cdc1e45147fc5ae7f112fed89166257a039604515b4c81d69d98d57c7","microsoft.windowscommunicationsapps","CN=Microsoft Corporation, O=Microsoft Corporation, L=Redmond, S=Washington, C=US","","16005.14326.21534.0","1","Windows"
"4ae428aac9c39f465ac8d531ea82e4adf4f3a19ae3b04021da52c51fbf87de35","MmsService","","","13","1","AndroidWorkProfile"
"ae96c739ef6e0e136dcd4cc84e2187ab7cd4268b1fdbdaac4cc12ed08073f787","Telefon- und SMS-Speicher","","","13","1","AndroidWorkProfile"
"5d351190bc0b16c47b508cc64976e3106adb34f416f4471ebf1234cec7448f46","Netzwerkmanager","","","aml_net_331910030","1","AndroidWorkProfile"
"a36d795ee5c449409888d8dc80ee4cf1857e0900c08b2a0e70daec6c804edd6d","PacProcessor","","","13","1","AndroidWorkProfile"
"5bf245a9902c0f26c8ec8b54ef2c07951d15ca05da27e5b0009b1559a66a7d21","Support components","","","2023-07-01 S+","1","AndroidWorkProfile"
"061654ed358422613c72de5391b9540568176e278e3eb35c9ad23472c4987d97","Device Policy","","","91.24.4 (1844210)","1","AndroidWorkProfile"
"7fb4d46db1162d190ae0ca2bd3b6a0d3149f155602b57e046dbb798ed8d90d32","QDCM-FF","","","1.0","1","AndroidWorkProfile"
"01697d7efcbd6ff5413f3f46f3c55b42f3903e29992e5b4c652e0311388bfcdf","SIM-App-Dialogfeld","","","13","1","AndroidWorkProfile"
"ca90693c25314aea7838892e7e563c1fe1f5d31c7db989feaecd6b4d10e3993a","SmartThings Framework","","","2.1.02.6","1","AndroidWorkProfile"
"ccb4103a9aef7187cfdffdaa9be80a3c0759081176c3ddc4f1e15d2802293f5a","Android System","","","13-10315947","1","AndroidWorkProfile"
"1c3a4afc77d9695773021edb4a490c63ec007acb1f982ff7a621505aa641732a","Microsoft.MicrosoftEdge.Stable","CN=Microsoft Corporation, O=Microsoft Corporation, L=Redmond, S=Washington, C=US","","96.0.1054.62","1","Windows"
"b58b69e2eafe9c03f3e959a13ccd83a0029068983c2a82efcb3a59805875859b","Peripheral Framework","","","2.5.00.5","1","AndroidWorkProfile"
"87409009405598e2679bdd83f3284a40cafc5764af8c04f344a84ec5cfb8b830","KFA","","","1.3.11","1","AndroidWorkProfile"
"cd8ef2aff9aa0c7baf60789218f879660f1defcd0b7a50203eba3d34623be834","5A894077.McAfeeSecurity","CN=649690DD-9BE8-48E7-8019-88DCA877AF4E","","2.1.68.0","1","Windows"
"49cb8590c461c60487a06fb00989b683a4e98a16257d4c8cffd5058811f9e8d0","Service mode","","","13","1","AndroidWorkProfile"
"60e0b33738034d399c062972e02025080f653f4d6740837b79f4ecf4270e6d4b","Microsoft.ScreenSketch","CN=Microsoft Corporation, O=Microsoft Corporation, L=Redmond, S=Washington, C=US","","2022.2303.17.0","1","Windows"
"625abf27c4bc37475d2d3a2ad07ae73f72c7f1f2033d533335d7703081b7fa24","Google","","","14.33.12.28.arm64","1","AndroidWorkProfile"
"8edd23d8b97a227993e249e913fb0733eb87c78d90ce526f251419b4e20dc5a9","Authentication Framework","","","4.2.02.1","1","AndroidWorkProfile"
"c79f8968fa27fc49961096d5b0b2a2ac4c8a1cdec4339c9438ca34dd69acfeef","Emergency SOS","","","14.1.01.31","1","AndroidWorkProfile"
"0aed6dcdd507e52cf987d1e36f5228d647e819b7512afea4757f4e8047566c49","HwModuleTest","","","13","1","AndroidWorkProfile"
"2829c78c0c3728ec9a1a777c6fbd0fd3af466a231e98b60b09402af427438a02","android.auto_generated_rro_vendor__","","","1.0","1","AndroidWorkProfile"
"44d80f7dd49d8b96fc3ecfd6c91e8800fcbe3fdbf46e111c3a458b79fb077f1b","EasyOneHand","","","6.0","1","AndroidWorkProfile"
"4cb2a155e9ed2dea9fe59156e365f7fa19842604bbd0ad7de7aff09201162725","Smart-Aufnahme","","","5.4.22","1","AndroidWorkProfile"
"641587e97b1c6b74f82bae1f58bed5d8118d9e114e7f46b599d1959ece5b28ad","Telefondienste","","","13","1","AndroidWorkProfile"
"e769dbca4d576ea75e5ec4a69c29f897e71d7bece09d6edc33fb6bcc4b9d9e42","Microsoft.PowerAutomateDesktop","CN=Microsoft Corporation, O=Microsoft Corporation, L=Redmond, S=Washington, C=US","","10.0.7304.0","1","Windows"
"a969bc81267d9127194745be9b1e22eaa81a5239fb933e1e0de47141b9e814aa","Google Play Store","","","37.2.18-29 [0] [PR] 558223983","1","AndroidWorkProfile"
"9b9cb7451c70c2ec0e68779b94e407bb97bbeb8f4a5ad1a15851864eb85831db","Bluetooth MIDI Service","","","13","1","AndroidWorkProfile"
"9de37761eaafbf609ca011ef7d594d77fd800159291f23d39e68b39331c76300","com.android.sharedstoragebackup","","","13","1","AndroidWorkProfile"
"01dd1b0f77b818ccf67686e5b0490f6e7dc68288657a147afcdb07409bfcd3ed","Microsoft.MicrosoftOfficeHub","CN=Microsoft Corporation, O=Microsoft Corporation, L=Redmond, S=Washington, C=US","","18.2305.1222.0","3","Windows"
"6b1d8896dde2d56e39b84be82ce0eb61dad1989c1aa99e79682857236585526f","Sticker Center","","","2.3.00.3","1","AndroidWorkProfile"
"ce2f1b931eb2e9f3747adcd04fce3f57ae1f16ec62c67fc60952536afdb51f68","Microsoft.WindowsTerminal","CN=Microsoft Corporation, O=Microsoft Corporation, L=Redmond, S=Washington, C=US","","3001.17.11461.0","1","Windows"
"88d5537f82ade1bd90dfec90e07b1b3b60482b0066e8414cdded75fca50eac49","Wearable Manager Installer","","","2.1.01.23001","1","AndroidWorkProfile"
"bab05bfd451ad21f2c19bfc79c72b6eb43e82229059991796ac9052dccab8729","MTP-Host","","","13","1","AndroidWorkProfile"
"0796ceac2b2ba10f258d826668443a9a1e1bc0e300a0ce38c142c1d9da81e4c1","Netzwerkdiagnose","","","2.5.06.23","1","AndroidWorkProfile"
"30614cc7455a17f7527ff7a42c0ba4fba42394f9f26ac862192e016352f52a24","com.samsung.android.biometrics.app.setting","","","1.0.0","1","AndroidWorkProfile"
"5d23bc42f82bd137f6cab393190ee1b4ca5f48117606373b44b3da753ced1597","Samsung SM8350 GameDriver","","","13.0.00.0","1","AndroidWorkProfile"
"8b47ddf82eb946dec40c11eeb652daa59bc31599e358547f7a2dfa5327db9867","Microsoft.Todos","CN=Microsoft Corporation, O=Microsoft Corporation, L=Redmond, S=Washington, C=US","","2.100.61791.0","1","Windows"
"d25efb1bda241f4a4424746fc6f2fca15b239918aaae4f7a9a9141317745aa0a","com.android.providers.media","","","13","1","AndroidWorkProfile"
"bbed41e70201626ee2c6324d9319424ee60b78c6c2b2add5da60c6f378cfcf08","DellInc.DellCommandUpdate","CN=F005DA31-7CE1-4D3E-ABEE-08A4AFF4F592","","4.4.18.0","2","Windows"
"b3fc99df8068baa87f3f5af7cf7772dc0d2c64d3bf7b2917b66f60d1ff7aa5a3","AcrobatNotificationClient","CN=Adobe Systems Incorporated, OU=Adobe Systems, O=Adobe Systems Incorporated, L=San Jose, S=California, C=US, PostalCode=95110, STREET=345 Park Avenue, SERIALNUMBER=2748129, OID.1.3.6.1.4.1.311.60.2.1.2=Delaware, OID.1.3.6.1.4.1.311.60.2.1.3=US, OID.2.5.4","","1.0.4.0","1","Windows"
"7b4331ea59c25594877d68a99da08e0c4a4c8519677c0eff7dbe479f834b4e67","Samsung Push Service","","","3.4.06.1","1","AndroidWorkProfile"
"020e354ba8b026c0859c773fe1ffc46765be1594d3c564537132c8db8053c57e","ProxyHandler","","","13","1","AndroidWorkProfile"
"ecf8dfb0e76332d2512b1a5f582771679359a340bbef87ac01c8313cab23b158","Microsoft.GamingApp","CN=Microsoft Corporation, O=Microsoft Corporation, L=Redmond, S=Washington, C=US","","2105.900.24.0","1","Windows"
"9244264349285321fe68e51897d8fd3931170c62785986a9c54e48222be69bd5","MicrosoftTeams","CN=Microsoft Corporation, O=Microsoft Corporation, L=Redmond, S=Washington, C=US","","23216.903.2300.8768","1","Windows"
"6f9e567853c82ab421d1bf57e48c6f708f10b18d0800b4f674509de7fbadb166","Microsoft.WindowsTerminal","CN=Microsoft Corporation, O=Microsoft Corporation, L=Redmond, S=Washington, C=US","","2022.507.446.0","1","Windows"
"1f4fd9ee14f3c3bcb98e41dfef51f4196341ea31aab98b1cd57f8e24481b4903","SimMobilityKit","","","1.3.31","1","AndroidWorkProfile"
"0b93a82faba52621de7d75a08de399f41170c89d45d02bb81833617e0c16d43e","Samsung Checkout","","","5.0.67.1","1","AndroidWorkProfile"
"ce2093068d6a9692ce975a706b84797c0b60ed9518e9be8291dcba4536fe1d8e","Paketinstallation","","","13-8768315","1","AndroidWorkProfile"
"071c93a5f90c5416072a0e85ac94ed7c11d5c0eddd9e0d526df813243d900d81","SEMFactoryApp","","","1.0.00.43","1","AndroidWorkProfile"
"335ca7e598c358626984215fe928933e2c0c14deb49e53741b48c3d8efcf50d2","Quick Share-Konnektivität","","","1.4.04.3","1","AndroidWorkProfile"
"55d9e512ff0d29038cd81d1c8cc3beebefe39de5a683d73eec4c934d3f32db7c","IMS Settings","","","1.0","1","AndroidWorkProfile"
"1e1eb460171e9d1abf2ab761765fa9e43ac7cef138331394ca74702554247677","Samsung SM8350 VKLayer","","","11.0.00.0","1","AndroidWorkProfile"
"14306758607eb89ce82c44d9a2841a0b120ba5ce5c4a3b030bedbf3c4be4e45c","Shell","","","13","1","AndroidWorkProfile"
"72af92a350a24585be8da0b4bc71f5ec7386d69539a5252ebd19a68310a1a307","Microsoft.NET.Native.Runtime.1.7","CN=Microsoft Corporation, O=Microsoft Corporation, L=Redmond, S=Washington, C=US","","1.7.25531.0","1","Windows"
"00693ae15a3932313a3b2535045c9901d5bd9ab752a40c0bbf0f0af367626bd1","ScreenovateTechnologies.DellMobileConnect","CN=6B081F61-C764-4F21-995F-B463D0640577","","3.3.9809.0","1","Windows"
"741ceacae33c47414b12d782531395600c76d6b95eb88359aa58ee82ebfde804","Market Feedback Agent","","","13-9471438","1","AndroidWorkProfile"
"4d8a2d5180a23c22109dc30183268b42fdd2495db2425c5bfc5353e10419ed04","Samsung Einrichtungsassistent","","","5.1.29.1","1","AndroidWorkProfile"
"6cd336a721ef494b8c5223c0662d1f6067a1bf6e6af781782a73d4b065fdd4b2","Systemverbindungsressourcen","","","S-initial","1","AndroidWorkProfile"
